개봉연도,영화 제목,별점
1964,쉘부르의 우산,7.8
1967,졸업,8
1972,대부,9.2
1974,대부 2,9
1975,몬티 파이튼의 성배,8.2
1976,감각의 제국,6.6
1977,히틀러: 파시즘의 진화,7.5
1978,미드나잇 익스프레스,7.5
1978,소림36방,7.6
1979,라이프 오브 브라이언,8
1979,Richard Pryor: Live in Concert,8.1
1980,블루 라군,5.8
1981,기동전사 건담,7.1
1981,마작영웅전,5.5
1981,기동전사 건담 II : 슬픈 전사편,7.1
1981,특전 U보트,8.4
1982,간디,8
1982,기동전사 건담 III : 해후의 우주편,7.6
1983,블루 썬더,6.4
1984,바람계곡의 나우시카,8.1
1984,"소년, 소녀를 만나다",6.9
1985,타이페이 스토리,7.6
1986,천공의 성 라퓨타,8
1986,베티 블루 37.2,7.3
1986,스탠 바이 미,8.1
1986,나쁜 피,7.2
1987,라 밤바,6.9
1987,84번가의 연인,7.4
1988,열혈남아,7
1988,이웃집 토토로,8.1
1989,마녀 배달부 키키,7.9
1989,드라이빙 미스 데이지,7.3
1989,영광의 깃발,7.8
1989,신용쌍매,5.3
1990,천장지구,7.3
1990,귀경출사,5.9
1990,아비정전,7.4
1990,옥중룡,6
1991,추억은 방울방울,7.6
1991,터미네이터 2: 심판의 날,8.6
1991,폭풍 속으로,7.2
1992,심사관,6.8
1992,붉은 돼지,7.7
1992,연인,6.8
1992,흐르는 강물처럼,7.2
1992,도성대형 2: 지존무적,5.5
1992,도성대형: 신가전기,5.9
1992,하워즈 엔드,7.4
1992,Roja,8.1
1992,데미지,6.7
1992,죽어야 사는 여자,6.6
1993,심사관 2,6.2
1993,마이 라이프,6.8
1993,동방삼협,6.5
1993,은밀한 유혹,6
1993,길버트 그레이프,7.7
1993,사선에서,7.2
1993,순수의 시대,7.2
1993,아기 공룡 렉스,6.1
1993,동성서취,7
1993,짱구는 못말려 극장판: 액션가면 VS 그래그래 마왕,6.6
1993,쥬라기 공원,8.2
1993,천장지구 2,6.1
1994,가을의 전설,7.5
1994,백조공주,6.4
1994,주성치의 파괴지왕,6.8
1994,바다가 들린다,6.6
1994,짱구는 못말려 극장판: 부리부리 왕국의 보물,6.6
1994,중경삼림,8
1994,폼포코 너구리 대작전,7.3
1994,포레스트 검프,8.8
1994,젊은 남자,6.1
1995,히트,8.3
1995,베이비시터 클럽,5.7
1995,환상의 빛,7.5
1995,쥬만지,7.1
1995,귀를 기울이면,7.8
1995,공각기동대,8
1995,서유기: 선리기연,7.8
1995,라스베가스를 떠나며,7.5
1995,클루리스,6.9
1995,짱구는 못말려 극장판: 흑부리 마왕의 야망,6.6
1995,타락천사,7.6
1996,미션 임파서블,7.2
1996,스페이스 잼,6.5
1996,쉘 위 댄스,7.7
1996,마틸다,7
1996,에브리원 세즈 아이 러브 유,6.7
1996,짱구는 못말려 극장판: 핸더랜드의 대모험,7
1996,아기공룡 둘리: 얼음별 대모험,7.6
1996,로즈 앤 그레고리,6.6
1997,나인 하프 위크 2,2.9
1997,짱구는 못말려 극장판: 암흑 마왕 대추적,6.8
1997,화급,6.6
1997,접속,6.8
1997,모노노케 히메,8.4
1997,쥬라기 공원 2: 잃어버린 세계,6.5
1997,맨 인 블랙,7.3
1997,타이타닉,7.9
1997,나는 네가 지난 여름에 한 일을 알고 있다,5.7
1997,Happy Together,7.7
1997,신세기 에반게리온 엔드 오브 에반게리온,8.1
1998,8월의 크리스마스,7.6
1998,라이언 일병 구하기,8.6
1998,짱구는 못말려 극장판: 전격! 돼지발굽 대작전,6.8
1998,트루먼 쇼,8.2
1998,Jerry Seinfeld: I'm Telling You for the Last Time,7.8
1998,조 블랙의 사랑,7.2
1998,블러드 라인,5.4
1998,원더풀 라이프,7.6
1998,청소년 연애 교과서,6.6
1998,에반게리온: 데스(트루)²,6.6
1998,벨벳 골드마인,6.9
1998,더 라스트 데이즈,7.9
1998,택시,7
1999,파이트 클럽,8.8
1999,스튜어트 리틀,6
1999,이웃집 야마다군,7.1
1999,짱구는 못말려 극장판: 폭발! 온천 부글부글 대작전,6.1
1999,분닥 세인트,7.7
1999,간첩 리철진,5.9
1999,노팅 힐,7.2
1999,리플리,7.4
1999,더블 크라임,6.5
1999,엘모의 대모험,5.8
1999,사랑이 지나간 자리,6.3
1999,13층,7
1999,해피 엔드,6.7
1999,미이라,7.1
1999,랜덤 하트,5.3
2000,청춘,5.9
2000,짱구는 못말려 극장판: 폭풍을 부르는 정글,7.1
2000,친구의 친구를 사랑했네,5.5
2000,시월애,7.5
2000,오! 수정,7
2000,무서운 영화,6.3
2000,왓 위민 원트,6.4
2000,브링 잇 온,6.1
2000,섬,5.6
2000,미녀 삼총사,5.6
2000,화양연화,8.1
2000,메멘토,8.4
2000,공동경비구역 JSA,7.7
2000,겟 카터,5.1
2000,캐스트 어웨이,7.8
2000,가면학원,5
2000,배틀 로얄,7.5
2000,치킨 런,7.1
2000,아나토미,6
2000,패밀리 맨,6.8
2000,미션 임파서블 2,6.1
2000,박하사탕,7.6
2001,미이라 2,6.4
2001,친구,7.2
2001,스파이 키드,5.6
2001,아멜리에,8.3
2001,섹스 아카데미,5.7
2001,브리짓 존스의 일기,6.8
2001,쥬라기 공원 3,5.9
2001,엽기적인 그녀,8
2001,썸머타임,5.3
2001,Just Run!,5.8
2001,웨딩 플래너,5.3
2001,고양이를 부탁해,7.1
2001,나도 아내가 있었으면 좋겠다,6.4
2001,짱구는 못말려 극장판: 어른 제국의 역습,7.8
2001,베이비 보이,6.4
2001,파이브 건스,5.9
2001,신라의 달밤,6.5
2001,인디안 썸머,6.4
2001,냉정과 열정사이,6.6
2001,아적야만동학: 거친 녀석들,5.8
2001,와니와 준하,6.8
2001,Te quiero,5
2001,스파이 게임,7.1
2001,무서운 영화 2,5.3
2001,키스 오브 드래곤,6.6
2001,슈렉,7.9
2001,디 아더스,7.6
2001,센과 치히로의 행방불명,8.6
2001,봄날은 간다,7
2001,파이란,7.5
2002,집으로...,7.7
2002,공공의 적,7.1
2002,황혼의 사무라이,8.1
2002,고양이의 보은,7.1
2002,8 마일,7.2
2002,마리 이야기,6.5
2002,밀애,5.7
2002,영웅,7.9
2002,짱구는 못말려 극장판: 태풍을 부르는 장엄한 전설의 전쟁,7.3
2002,파 프롬 헤븐,7.3
2002,피아니스트,8.5
2002,이도공간,6.2
2002,스파이 키드 2,5.3
2002,스파이더맨,7.4
2002,폰,6.1
2002,연애소설,7.2
2002,결혼은 미친 짓이다,6.9
2002,언페이스풀,6.7
2002,주온,6.7
2002,캐치 미 이프 유 캔,8.1
2002,아담 샌들러의 8 크레이지 나이트,5.3
2002,마스터 오브 디스가이즈,3.3
2002,아들,7.5
2002,광복절 특사,6.2
2002,남색대문,7.4
2002,K-19: 위도우메이커,6.7
2002,뉴 가이,5.8
2002,복수는 나의 것,7.5
2002,맨 인 블랙 2,6.2
2002,가문의 영광,6
2002,생활의 발견,7.3
2002,돌이킬 수 없는,7.3
2002,빚나는 특공대,5.8
2002,시카고,7.2
2002,오아시스,7.8
2002,본 아이덴티티,7.8
2002,무간도,8
2003,내쇼날 시큐리티,5.6
2003,마들렌,6.2
2003,배틀 로얄 2: 레퀴엠,4.6
2003,실미도,7
2003,"장화, 홍련",7.1
2003,봄날의 곰을 좋아하세요?,5.9
2003,주온 2,6.3
2003,지구를 지켜라!,7.2
2003,스쿨 오브 락,7.2
2003,진주 귀걸이를 한 소녀,6.9
2003,살인의 추억,8.1
2003,러브 액츄얼리,7.6
2003,위험한 사돈,6
2003,스파이 키드 3D: 게임 오버,4.3
2003,S.W.A.T. 특수기동대,6
2003,데어데블,5.3
2003,고티카,5.8
2003,짱구는 못말려 극장판: 태풍을 부르는 영광의 불고기 로드,6.6
2003,실종,6.5
2003,질투는 나의 힘,6.4
2003,동갑내기 과외하기,6.5
2003,선생 김봉두,6.5
2003,클래식,7.8
2003,스위밍 풀,6.7
2003,몽상가들,7.1
2003,미녀 삼총사: 맥시멈 스피드,4.9
2003,연애사진,6.3
2003,여고괴담 세 번째 이야기: 여우계단,5.8
2003,몬스터,7.3
2003,더 로드,6.5
2003,쌍웅,5.8
2003,무서운 영화 3,5.5
2003,무간도 2: 혼돈의 시대,7.3
2003,이탈리안 잡,7
2003,쟈니 잉글리쉬,6.2
2003,"조제, 호랑이 그리고 물고기들",7.3
2003,코어,5.5
2003,무간도 3: 종극무간,6.8
2003,올드보이,8.4
2004,아라한 장풍 대작전,6.6
2004,늑대의 유혹,6.2
2004,내 남자친구는 왕자님,5.8
2004,빈집,7.9
2004,새벽의 황당한 저주,7.9
2004,보글보글 스폰지밥,7.1
2004,The Trailer Park Boys Xmas Special,8
2004,스파이더맨 2,7.5
2004,하울의 움직이는 성,8.2
2004,Thomas & Friends: Thomas and the Jet Engine,7
2004,2046,7.4
2004,불량공주 모모코,7.2
2004,터미널,7.4
2004,천국의 책방 – 연화,6.5
2004,하나와 앨리스,7.2
2004,아나콘다 2: 사라지지 않는 저주,4.7
2004,브리짓 존스의 일기: 열정과 애정,6
2004,연인,7.5
2004,그녀를 믿지 마세요,7
2004,대통령의 딸,5.1
2004,마지막 늑대,5.6
2004,노트북,7.8
2004,내 머리 속의 지우개,8.1
2004,여자는 남자의 미래다,6.4
2004,세상의 중심에서 사랑을 외치다,7.2
2004,알포인트,6.2
2004,셔터,7
2004,고독이 몸부림칠 때,5.6
2004,P.S 온리 유,6.1
2004,말죽거리 잔혹사,7.4
2004,인어공주,6.6
2004,"지금, 만나러 갑니다",7.8
2004,레지던트 이블 2,6.1
2004,퀸카로 살아남는 법,7.1
2004,주홍글씨,6.4
2004,밀리언 달러 베이비,8.1
2004,효자동 이발사,6.9
2004,내겐 너무 아찔한 그녀,6.7
2004,하류인생,6
2004,귀여워,4.3
2004,짱구는 못말려 극장판: 폭풍을 부르는 석양의 떡잎마을 방범대,6.8
2004,슈렉 2,7.3
2004,이터널 선샤인,8.3
2004,화이트 칙스,5.8
2004,아무도 모른다,8
2004,미녀 첩보원 D.E.B.S.,5.4
2004,범죄의 재구성,6.5
2004,크리스마스 건너뛰기,5.4
2004,감옥,5.6
2005,작업의 정석,6
2005,분홍신,5.8
2005,시노비,6.8
2005,디센트,7.2
2005,메종 드 히미코,7
2005,내 생애 가장 아름다운 일주일,6.8
2005,용서받지 못한 자,6.8
2005,스켈리톤 키,6.5
2005,웰컴 투 동막골,7.6
2005,이니셜 D,6.3
2005,가문의 위기,5.8
2005,Kureyon Shinchan: Densetsu o Yobu Buriburi: Sanpun Bokkiri Daishingeki,5.2
2005,미스터 소크라테스,6.2
2005,그때 그 사람들,6.9
2005,공공의 적 2,6
2005,태풍,5.7
2005,박수칠 때 떠나라,6.2
2005,연애의 목적,6.3
2005,극장전,6.9
2005,듀스 비갈로 : 유로피안 지골로,4.7
2005,마파도,6.1
2005,야수와 미녀,6.5
2005,태극권,7.2
2005,혈의 누,6.6
2005,마법사들,6.7
2005,저스트 프렌드,6.2
2005,거북이는 의외로 빨리 헤엄친다,6.5
2005,엑소시즘 오브 에밀리 로즈,6.7
2005,오징어와 고래,7.3
2005,흑사회,7.1
2005,레전드 오브 조로,5.9
2005,오만과 편견,7.8
2005,카오스,6.4
2005,친절한 금자씨,7.5
2005,왕의 남자,7.3
2005,미스터 & 미세스 스미스,6.5
2005,롱기스트 야드,6.4
2005,나나,7
2006,미션 임파서블 3,6.9
2006,게드전기: 어스시의 전설,6.3
2006,야수,6.3
2006,짝패,6.6
2006,눈물이 주룩주룩,6.7
2006,사생결단,6.2
2006,허니와 클로버,6.4
2006,백만장자의 첫사랑,7.2
2006,영원한 여름,7
2006,나루토 극장판 3기-대흥분! 초승달섬의 애니멀소동,6.3
2006,돈많은 친구들,5.8
2006,타짜,7.1
2006,판의 미로: 오필리아와 세개의 열쇠,8.2
2006,BB프로젝트,6.6
2006,구타유발자들,6.4
2006,한반도,4.9
2006,"달콤, 살벌한 연인",6.4
2006,캐치 앤 릴리즈,5.9
2006,"다만, 널 사랑하고 있어",7.4
2006,쉬즈 더  맨,6.4
2006,흑사회 II,7.4
2006,행운을 돌려줘!,5.4
2006,짱구는 못말려 극장판: 전설을 부르는 춤을 춰라 아미고,6
2006,무인 곽원갑,7.6
2006,혐오스런 마츠코의 일생,7.8
2006,상성: 상처받은 도시,6.5
2006,용호문,6.1
2006,해바라기,7.2
2006,조폭 마누라 3,6.3
2006,내일의 기억,7.5
2006,라디오 스타,7
2006,카모메 식당,7.2
2006,비열한 거리,7.3
2006,야연,6.4
2006,황후화,7
2006,투사부일체,5.6
2006,리틀 맨,4.5
2006,나나 2,6
2006,괴물,7.1
2006,굿 캅 배드 캅,6.5
2006,블랙 달리아,5.6
2006,거룩한 계보,6.2
2006,로맨틱 홀리데이,6.9
2006,몬스터 하우스,6.6
2006,여교수의 은밀한 매력,4.2
2006,커버넌트,5.2
2006,데스노트,7.5
2006,나는 언제나 네가 지난 여름에 한 일을 알고 있을 것이다,3.4
2006,데스노트: 라스트 네임,7.2
2006,더 퀸,7.3
2006,비투스,7.6
2006,유레루,7.1
2006,행복을 찾아서,8
2006,일본침몰,5.6
2006,그리다이언 갱,7
2007,바르게 살자,7.3
2007,말할 수 없는 비밀,7.5
2007,악마가 너의 죽음을 알기 전에,7.3
2007,복면달호,7
2007,881,6.5
2007,함께 있을 수 있다면,6.7
2007,비커밍 제인,7
2007,열한번째 엄마,6.6
2007,"색, 계",7.5
2007,화려한 휴가,6.9
2007,데어 윌 비 블러드,8.2
2007,조지아 룰,5.9
2007,슈렉 더 홀스,6.4
2007,그놈 목소리,6.7
2007,앨빈과 슈퍼밴드,5.2
2007,레지던트 이블 3: 인류의 멸망,6.2
2007,짱구는 못말려 극장판: 태풍을 부르는 노래하는 엉덩이 폭탄,5.7
2007,배터리,6.3
2007,만남의 광장,6.1
2007,대디 데이 캠프,3.2
2007,워,6.2
2007,우아한 세계,6.8
2007,노인을 위한 나라는 없다,8.2
2007,도화선,6.7
2007,88분,5.9
2007,블라인드,7.2
2007,스파이더맨 3,6.3
2007,아임 낫 데어,6.8
2007,밀양,7.5
2007,색즉시공 시즌 2,6
2007,극락도 살인사건,5.6
2007,지금 사랑하는 사람과 살고 있습니까?,6
2007,도쿄 타워,7.4
2007,킹덤,7
2007,파라노이드 파크,6.6
2007,갓파쿠와 여름방학을,7.4
2007,마고 앳 더 웨딩,6
2007,스카우트,7
2007,미스트,7.1
2007,트랜스포머,7
2008,짱구는 못말려 극장판: 엄청난 태풍을 부르는 금창의 용사,5.4
2008,"좋은 놈, 나쁜 놈, 이상한 놈",7.2
2008,맘마 미아!,6.5
2008,미인도,6.3
2008,다찌마와 리: 악인이여 지옥행 급행열차를 타라,5.1
2008,레이크뷰 테라스,6.2
2008,멋진 하루,7
2008,아내가 결혼했다,5.5
2008,다이브!!,6.8
2008,6년째 연애중,5.8
2008,허트 로커,7.5
2008,점퍼,6.1
2008,추격자,7.8
2008,GP506,5.8
2008,강철중: 공공의 적 1-1,6.3
2008,라스베가스에서만 생길 수 있는 일,6.1
2008,Chhota Bheem Aur Krishna,6.8
2008,비스티 보이즈,5.6
2008,조한,5.6
2008,둠스데이: 지구 최후의 날,5.9
2008,쌍화점,7.1
2008,과속스캔들,7.2
2008,테이큰,7.8
2008,동사서독 리덕스,7
2008,와일드 차일드,6.1
2008,21,6.8
2008,데스노트 L: 새로운 시작,6
2008,가루지기,5.4
2008,퍼니셔 2,5.9
2008,걸어도 걸어도,7.9
2008,크로싱,7.5
2008,적벽대전 1부: 거대한 전쟁의 시작,7.3
2008,스트리트 킹,6.8
2008,미쓰 홍당무,6.2
2008,더 레슬러,7.9
2008,남주기 아까운 그녀,5.8
2008,원티드,6.7
2008,삼국지: 용의 부활,6.1
2008,핸콕,6.4
2008,도쿄!,7
2008,트레일러 파크 보이즈: 세이 굿바이 투더 배드 가이스,7.8
2008,미이라 3: 황제의 무덤,5.2
2008,트와일라잇,5.3
2008,님은 먼곳에,6.4
2008,4번의 크리스마스,5.7
2008,영화는 영화다,7
2008,벼랑 위의 포뇨,7.6
2009,스텝 파더,5.6
2009,주온: 원혼의 부활,5.9
2009,펠햄 123,6.4
2009,Chhota Bheem & Krishna: Pataliputra- City of the Dead,8.9
2009,공기인형,6.9
2009,박쥐,7.1
2009,Kkotboda namja,5.9
2009,하얀 리본,7.8
2009,디스트릭트 9,7.9
2009,세븐틴 어게인,6.4
2009,노다메 칸타빌레 Vol.1,7.1
2009,바스터즈: 거친 녀석들,8.4
2009,페임,5
2009,아이 엠 러브,7
2009,라스트 프로포즈,5.6
2009,펜트하우스 코끼리,5.5
2009,친구사이?,7.6
2009,전우치,6.6
2009,내 사랑 내 곁에,6.5
2009,오토나리,7.1
2009,트라이앵글,6.9
2009,노잉,6.2
2009,세르지우의 마지막 임무,7.4
2009,작전,6.2
2009,해운대,5.5
2009,그림자 살인,6.7
2009,7급 공무원,6.3
2009,거북이 달린다,6.6
2009,뉴 문,4.8
2009,마더,7.3
2009,호우시절,6.4
2009,파주,6.5
2009,짱구는 못말려 극장판: 포효하라 떡잎 야생왕국,5.9
2009,백야행: 하얀 어둠 속을 걷다,6.5
2009,엑시던트,6.6
2009,정승필 실종사건,5.8
2009,트랜스포머: 패자의 역습,6
2009,분닥 세인트 2,6.2
2009,차우,5.6
2009,남극의 쉐프,7
2009,앨빈과 슈퍼밴드 2,4.5
2009,굿모닝 프레지던트,5.8
2009,타고난 재능: 벤 카슨 스토리,7.5
2009,적벽대전 2부: 최후의 결전,7.5
2009,시크릿,6.5
2009,모범시민,7.4
2009,Banyuki,6.9
2009,삐뚤어질테다,6.4
2009,좀비랜드,7.6
2010,나잇 & 데이,6.7
2010,이클립스,5.1
2010,악마를 보았다,7.8
2010,쿵푸팬더 – 동지축제,6.7
2010,시,7.8
2010,이끼,6.7
2010,익스펜더블,6.4
2010,여의도,4.7
2010,방자전,6.4
2010,버레스크,6.4
2010,레드,7
2010,클로이,6.3
2010,에브리씽 유브 갓,5.4
2010,로맨틱 코미디?,5.3
2010,블루 발렌타인,7.3
2010,김종욱 찾기,6.4
2010,쓰리 데이즈,7.3
2010,노다메 칸타빌레 최종악장,7.1
2010,솔트,6.4
2010,Chhota Bheem: Bheem vs Aliens,7.8
2010,치코와 리타,7.2
2010,아저씨,7.7
2010,용서는 없다,7.4
2010,심야의 FM,6.5
2010,부당거래,6.6
2010,클라이언트 리스트,5.6
2010,포인트 블랭크,6.8
2010,먹고 기도하고 사랑하라,5.8
2010,마루 밑 아리에티,7.6
2010,담배 연기 속에 피는 사랑,7.1
2010,정무문 : 100대 1의 전설,6.3
2010,하모니,7.5
2010,울지마 톤즈,7.4
2010,원스 어 갱스터,5.7
2010,의형제,6.9
2010,간두,5.5
2010,초능력자,6.1
2010,복수자,6.4
2010,바비의 인어공주 이야기,6.6
2010,금의위: 14검의 비밀,6.3
2010,타이페이 카페 스토리,6.6
2010,리전,5.3
2010,러브 & 드럭스,6.7
2011,제인 에어,7.3
2011,아더 크리스마스,7.1
2011,앨빈과 슈퍼밴드 3,4.3
2011,폭풍의 언덕,6
2011,트립 투 잉글랜드,7
2011,겟 썸 2,7.3
2011,몬테 카를로,5.8
2011,히든 페이스,7.3
2011,탈명금,6.9
2011,진짜로 일어날지도 몰라 기적,7.4
2011,백야행,6.5
2011,고지전,7.3
2011,두더지,7
2011,삼국지: 명장 관우,6
2011,글러브,6.8
2011,털기 아니면 죽기: 제한시간 30분,6.1
2011,오싹한 연애,6.8
2011,수상한 고객들,6.3
2011,엘모의 탄생: 인형극을 사랑한 남자,7.6
2011,시작은 키스 !,6.6
2011,7광구,4.7
2011,퀵,5.7
2011,단신남녀,6.5
2011,모비딕,6.4
2011,짱구는 못말려 극장판: 태풍을 부르는 황금 스파이 대작전,6.2
2011,바보야,5.8
2011,도망자,4.8
2011,몬스터 싱어: 매직 인 파리,6.7
2011,조선명탐정: 각시투구꽃의 비밀,6.2
2011,뉴욕의 연인들,5.6
2011,스나이퍼: 리로디드,7.8
2011,코쿠리코 언덕에서,7.4
2011,코난: 암흑의 시대,5.1
2011,의뢰인,6.8
2011,소울 서퍼,7
2011,"그 시절, 우리가 좋아했던 소녀",7.6
2011,우리도 사랑일까,6.5
2011,최종병기 활,7.1
2011,메카닉,6.5
2011,귀신전,5.6
2011,브레이킹 던 Part 1,4.9
2011,프렌즈 위드 베네핏,6.5
2011,두 번째 기회,4.7
2011,써니,7.8
2011,파수꾼,7.2
2011,케빈에 대하여,7.5
2011,미션 임파서블: 고스트 프로토콜,7.4
2011,트랜스포머: 달의 어둠,6.2
2011,머니볼,7.6
2011,드라이브,7.8
2011,오직 그대만,7.7
2011,인 타임,6.7
2011,소스 코드,7.5
2011,Chhota Bheem: Journey to Petra,8.5
2011,Chhota Bheem and Krishna: Mayanagari,8.4
2011,언터처블: 1%의 우정,8.5
2011,랭고,7.2
2011,도가니,8
2011,실연 33일,6.5
2011,룸메이트,4.8
2011,월드 인베이젼,5.7
2011,아티스트,7.9
2011,The Craigslist Killer,5
2011,부러진 화살,6.7
2011,스시 장인: 지로의 꿈,7.8
2011,샤오린: 최후의 결전,6.8
2011,완득이,7.3
2011,다신 널 외롭게 하지 않을게,6.7
2012,도둑들,6.8
2012,배틀쉽,5.8
2012,은교,6.6
2012,극장판: 타이거 앤 버니,6.6
2012,아이와 마코토,6.4
2012,제로 다크 서티,7.4
2012,프리랜서스,4.6
2012,문라이즈 킹덤,7.8
2012,레미제라블,7.5
2012,577 프로젝트,6.3
2012,스파클,5.7
2012,건축학개론,7.2
2012,온 더 로드,6.1
2012,회사원,6.6
2012,월플라워,7.9
2012,26년,6.3
2012,나이트폴,6.4
2012,"페어웰, 마이 퀸",6.2
2012,내가 살인범이다,7.1
2012,연가시,6.3
2012,잭 리처,7
2012,코리아,7.2
2012,댄싱퀸,6.4
2012,화차,6.7
2012,독재자,6.4
2012,고양이를 빌려드립니다,6.9
2012,나의 PS 파트너,6.9
2012,가문의 귀환,5.3
2012,"광해, 왕이 된 남자",7.8
2012,용의자X,6.8
2012,브레이킹 던 Part 2,5.5
2012,Wings,3
2012,복숭아나무,6.3
2012,세이프 하우스,6.7
2012,Chhota Bheem In Dholakpur to Kathmandu,8.1
2012,돈의 맛,5.7
2012,아무르,7.9
2012,바람의 검심,7.4
2012,어메이징 스파이더맨,6.9
2012,맨 인 블랙 3,6.8
2012,내 아내의 모든 것,6.6
2012,짱구는 못말려 극장판: 태풍을 부르는 나와 우주의 프린세스,5.9
2012,원더풀 라디오,6.1
2012,딱따구리와 비,7.1
2012,Chota Bheem Aur Ganesh in the Amazing Odyssey,8.4
2012,범죄와의 전쟁: 나쁜놈들 전성시대,7
2012,장고: 분노의 추적자,8.4
2012,당신에게도 사랑이 다시 찾아올까요?,5.7
2012,사랑에 빠진 것처럼,7
2012,타워,6.5
2012,투와이스 본,7.5
2012,후궁: 제왕의 첩,6.1
2012,미확인 동영상: 절대클릭금지,4.8
2012,로얄 어페어,7.5
2012,늑대소년,7.2
2012,프리미엄 러쉬,6.5
2013,어둠 속의 이야기: 미리야,5.6
2013,어둠 속의 이야기: 기환야,5.6
2013,Boundless,7.3
2013,스위치 : 부춘산거도,2.2
2013,결혼전야,6.1
2013,컴퍼니 오브 히어로즈,5.7
2013,짱구는 못말려 극장판: 엄청 맛있어! B급 음식 서바이벌,6.6
2013,사랑하는 내 사랑,5.1
2013,로맨틱 코미디? 2: 싱글은 이제 안녕,5.1
2013,복잡한 이야기,5.5
2013,아지즈 안사리 - 생매장,7.2
2013,다베 4 - 저주받은 신부,6.8
2013,시절인연,6.5
2013,적인걸2: 신도해왕의 비밀,6.4
2013,Chhota Bheem Aur Hanuman,8
2013,스파이,6.3
2013,누구의 딸도 아닌 해원,6.7
2013,더 숏 게임,7.3
2013,카드의 왕국,5.5
2013,더 테러 라이브,7.1
2013,변호인,7.7
2013,레드: 더 레전드,6.6
2013,화이트 하우스 다운,6.3
2013,킬 유어 달링,6.4
2013,베를린,6.6
2013,페인 앤 게인,6.4
2013,분노의 윤리학,5.6
2013,처키의 저주,5.6
2013,백악관 최후의 날,6.5
2013,이스케이프 플랜,6.7
2013,크루즈 패밀리,7.2
2013,소원,8.2
2013,7번방의 선물,8.1
2013,프란시스 하,7.4
2013,설국열차,7.1
2013,"나야, 나",5.8
2013,인시디어스: 두번째 집,6.5
2013,론 서바이버,7.5
2013,헝거게임: 캣칭 파이어,7.5
2013,그녀,8
2013,오큘러스,6.5
2013,관상,6.8
2013,블루 재스민,7.3
2013,어바웃 타임,7.8
2013,월드워Z,7
2013,프리즈너스,8.1
2013,"가장 따뜻한 색, 블루",7.7
2013,바람이 분다,7.7
2013,박수건달,6.3
2013,친구 2,6.2
2013,남매의 여름밤,6.9
2013,노브레싱,6.4
2013,성범죄 수사대,5.9
2013,남자사용설명서,6.4
2013,우리 선희,6.7
2013,감시자들,7.1
2013,나의 라임 오렌지 나무,7.1
2013,용의자,6.8
2013,시티 오브 갓-10년 후,6.4
2013,미스터 고,6.1
2013,전설의 주먹,6.8
2013,공범,6.4
2013,투 두 리스트,5.8
2013,고령화 가족,6.6
2013,Chhota Bheem & Krishna vs Zimbara,7.7
2013,Chhota Bheem the Crown of Valhalla,7.5
2013,집으로 가는 길,7.5
2013,팀스 버미어,7.8
2013,숨바꼭질,5.7
2013,낭만파 남편의 편지,5.1
2013,Seven Souls in the Skull Castle,7.5
2013,화이: 괴물을 삼킨 아이,7
2013,투건스,6.7
2013,가구야공주 이야기,8
2013,감기,6.6
2013,그렇게 아버지가 된다,7.8
2013,신세계,7.5
2013,동창생,6.6
2013,Chhota Bheem in the Incan Adventure,8
2014,존 윅,7.4
2014,어메이징 스파이더맨 2,6.6
2014,패딩턴,7.3
2014,스틸 앨리스,7.5
2014,드래곤 길들이기 2,7.8
2014,군도: 민란의 시대,6.8
2014,끝까지 간다,7.2
2014,세인트 빈센트,7.2
2014,국제시장,7.8
2014,언브로큰,7.2
2014,트랜스포머: 사라진 시대,5.6
2014,로크,7.1
2014,두근두근 내 인생,7.2
2014,해적: 바다로 간 산적,6.5
2014,인보카머스,6.2
2014,"러브, 로지",7.2
2014,백엔의 사랑,7.1
2014,더 홈즈맨,6.6
2014,방황하는 칼날,6.8
2014,스텝 업: 올 인,5.9
2014,프리 투 플레이,7.6
2014,배터드 바스타즈 오브 베이스볼,8
2014,하이힐,6.6
2014,근거리 연애,6.2
2014,리메이닝,4.3
2014,표적,6.2
2014,아메리칸 셰프,7.3
2014,위플래쉬,8.5
2014,Trailer Park Boys: Live in F**kin' Dublin,6.2
2014,마이 오운 맨,6.4
2014,BoJack Horseman Christmas Special,6.3
2014,E-Team,7.1
2014,公园男孩：北极现场版,6.7
2014,디 아더 원: 밥 위어의 길고 이상한 여행,7.3
2014,"미트 롬니, 그의 대선 출마 이야기",6.9
2014,꿈보다 해몽,6.7
2014,Horsin' Around,6.5
2014,찌라시: 위험한 소문,6.3
2014,3D 프린팅: 전설을 만들다,7
2014,기술자들,6.5
2014,마다가스카의 펭귄,6.6
2014,미라클 벨리에,7.3
2014,Chhota Bheem Dus pe Dus,6.1
2014,리틀 포레스트: 여름과 가을,7.6
2014,피끓는 청춘,6.6
2014,거인,6.6
2014,종이 달,6.8
2014,수상한 그녀,7.2
2014,이미테이션 게임,8
2014,우리는 형제입니다,6.2
2014,나를 찾아줘,8.1
2014,소름,6.3
2014,바람의 검심: 교토 대화재편,7.5
2014,헝거게임: 모킹제이,6.6
2014,오즈의 마법사: 돌아온 도로시,5
2014,또 하나의 약속,7
2014,나의 사랑 나의 신부,6.3
2014,천재강아지 미스터 피바디,6.8
2014,걸후드,7
2014,마담 뺑덕,5.9
2014,기생수 파트1,6.8
2014,사보타지,5.7
2014,넛잡: 땅콩 도둑들,5.7
2014,비룽가,8.2
2014,카우스피라시,8.1
2014,역린,6.7
2014,컬러풀 웨딩즈,7
2014,아이 엠 솔져,4.6
2014,도라에몽: 스탠바이미,7.3
2014,명량,7.1
2014,제보자,6.8
2014,심야식당,7.5
2014,가부키초 러브호텔,6.9
2014,경주,6.8
2014,일렉트릭 슬라이드,4.7
2014,황제를 위하여,5.7
2014,바람의 검심: 전설의 최후편,7.5
2014,Swearnet Live,5.4
2014,도희야,7
2014,클라우즈 오브 실스마리아,6.8
2014,남자가 사랑할 때,6.8
2014,추억의 마니,7.6
2014,마이 뷰티풀 브로큰 브레인,7.1
2014,해무,6.8
2014,빅매치,6.2
2014,나쁜 사랑,7.5
2014,완벽한 독재,7.2
2014,매직 인 더 문라이트,6.5
2014,미션 블루,7.9
2014,신의 한 수,6.6
2014,조선미녀삼총사,5.5
2014,스웨어넷 - 더 무비,6
2014,주온: 끝의 시작,5.1
2014,한공주,7.2
2014,우아한 거짓말,7.1
2014,다베 5 - 악마의 독,5.9
2014,짱구는 못말려 극장판: 정면승부! 로봇아빠의 역습,7.2
2014,카트,6.7
2014,소드 아트 온라인 Extra Edition,6.2
2014,임시가족,5.5
2014,인간중독,6.2
2014,프리티 원,6.3
2014,좋은 친구들,6.5
2014,극장판: 타이거 앤 버니 - 더 라이징,6.7
2014,#셀피,6
2014,드래곤 길들이기 2 외전 - 드래곤 레이서들의 새벽,6
2015,Cosmos Laundromat,6.2
2015,하이큐!! 승자와 패자,6.8
2015,오피스,6
2015,아기돼지 3형제와 매직램프,5.7
2015,빅샤크- 매직체인지,7.4
2015,"협녀, 칼의 기억",6.3
2015,조선명탐정: 사라진 놉의 딸,6.2
2015,수부라 게이트,7.4
2015,존 멀레이니: 더 컴백 키드,7.9
2015,리틀 포레스트 2: 겨울과 봄,7.6
2015,비욘드 더 마스크,5.1
2015,암살,7.2
2015,피프티,6.1
2015,스폰지밥 3D,6
2015,캐롤,7.2
2015,그레이의 50가지 그림자,4.2
2015,성난 변호사,6.5
2015,써클,6
2015,베테랑,7
2015,캅 카,6.3
2015,영혼의 순례길,7.5
2015,스윗 프랑세즈,7
2015,차이나타운,6.7
2015,퇴마; 무녀굴,5
2015,도쿄 연애사건,7.1
2015,탐정: 더 비기닝,6.7
2015,젠 커크맨: 난 솔로로 죽을거야,6.8
2015,오즈의 마법사 2,4.6
2015,순수의 시대,6
2015,Mike Epps: Don't Take It Personal,4.4
2015,Anjelah Johnson: Not Fancy,5.8
2015,루도,2.8
2015,Aziz Ansari: Live at Madison Square Garden,6.6
2015,Brent Morin: I'm Brent Morin,6.5
2015,"Trailer Park Boys: Drunk, High and Unemployed: Live In Austin",6.4
2015,기적의 학교,7.6
2015,맨슨 패밀리 베케이션,5.8
2015,크리스 델리아: 구제불능,6.4
2015,베리 빅 샷,6.9
2015,일라이자 슐라이싱어: 프리징 핫,6.8
2015,크리스 터커 라이브,6.3
2015,프랭크와 신디,6.1
2015,랄피 메이: 언룰리,6.8
2015,세이빙 미스터 우,6.7
2015,게임 체인저,7.1
2015,어느 하녀의 일기,5.5
2015,나의 소녀시대,7.3
2015,윈터 온 파이어: 우크라이나의 자유 투쟁,8.3
2015,쎄시봉,6.6
2015,11.11,6.7
2015,사랑이란 이야기,6
2015,소수의견,6.4
2015,본 투 비 블루,6.9
2015,비스트 오브 노 네이션,7.7
2015,앙: 단팥 인생 이야기,7.4
2015,히 네버 다이: 뱀파이어의 전설,6.3
2015,터미네이터 제니시스,6.3
2015,Dinosaur World,7.1
2015,키스 리처드: 언더 인플루언스,7.1
2015,티그,7.4
2015,오늘의 연애,6.2
2015,히말라야,6.4
2015,검은 사제들,6.4
2015,인 마이 드림스,6.3
2015,내부자들,7.1
2015,미쓰 와이프,7.1
2015,특종: 량첸살인기,6.4
2015,Chhota Bheem in African Safari,7.6
2015,워킹걸,6.1
2015,간신,6.1
2015,니나 시몬 : 영혼의 노래,7.6
2015,퀸카가 아니어도 좋아,6.4
2015,대호,7.2
2015,미션 임파서블: 로그네이션,7.4
2015,더 폰,6.5
2015,사도,7.1
2015,헝거게임: 더 파이널,6.5
2015,극적인 하룻밤,6.2
2015,앨빈과 슈퍼밴드: 악동 어드벤처,4.9
2015,극비수사,6.5
2015,사부: 영춘권 마스터,6.8
2015,6년의 사랑,5.6
2015,하이큐!! 끝과 시작,7
2015,도마 위의 정사,4.7
2015,어 베리 머리 크리스마스,5.5
2015,핫 걸 원티드,6.1
2015,채피,6.8
2015,Fireplace 4K: Crackling Birchwood from Fireplace for Your Home,7.6
2015,"샤토, 브라질의 왕",6
2015,시카리오:  암살자의 도시,7.7
2015,Demetri Martin: Live (At The Time),7.4
2015,비거 스플래쉬,6.4
2015,킬 유어 프렌즈,6.1
2015,홈,6.5
2015,라우더 댄 밤즈,6.6
2015,엽문 3: 최후의 대결,7
2015,마르코 폴로: 백안,7.7
2015,Face Off,5.6
2015,악의 연대기,6.8
2015,쥬라기 월드,7
2015,우드론,6.4
2015,아메리칸 울트라,6.1
2015,스포트라이트,8.1
2015,무뢰한,6.1
2015,내부자들: 디 오리지널,6.3
2015,빅쇼트,7.8
2015,리디큘러스 6,4.8
2015,그날의 진실,8.1
2015,스물,6.8
2015,와일드 카드,5.6
2015,헤이트풀8,7.8
2015,쓰리 썸머 나잇,6
2015,법정,7.6
2015,구스범스,6.3
2015,무스탕: 랄리의 여름,7.6
2015,안소니 제셀닉 - 생각과 기도,7.7
2015,치외법권,6.2
2015,재래시장을 지켜라,5.3
2015,아델라인: 멈춰진 시간,7.2
2015,더 나은 선택,6.2
2015,강남 1970,6.2
2015,인시디어스 3,6.1
2015,기생수 파트2,6.5
2015,하나와 미소시루,7
2016,여교사,5.8
2016,가짜 암살자의 진짜 회고록,5.9
2016,돌아온 포스,6.2
2016,슬램,6.1
2016,암살교실: 졸업편,5.7
2016,우린 아스퍼거인,6.6
2016,하이앤로우 더 레드 레인,6.1
2016,깡치,5.2
2016,등산의 목적,6.9
2016,아만다 녹스,6.9
2016,더 메들러,6.3
2016,미씽: 사라진 여자,6.5
2016,서배스천 매니스캘코: 왜 그러는 걸까요?,7.4
2016,돈 떼먹고 도망친 101세 노인,6.3
2016,1976,5.5
2016,자비,4.2
2016,행복 목욕탕,7.4
2016,지미 카 - 퍼니 비즈니스,7.2
2016,환생,5
2016,아이보리 게임: 상아 전쟁,7.9
2016,다이하드 스왓,5.8
2016,Gabriel Iglesias: I'm Sorry for What I Said When I Was Hungry,7.4
2016,두 오버,5.7
2016,얼웨이즈 샤인,5.6
2016,Russell Peters: Almost Famous,6.6
2016,졸업반,5.7
2016,극장판 안녕 자두야,8.4
2016,핵소 고지,8.1
2016,패신저스,7
2016,더 듀얼,5.8
2016,저스틴 팀버레이크 + 테네시 키즈,7.6
2016,"고산자, 대동여지도",5.9
2016,미스 슬로운,7.5
2016,아수라,6.7
2016,나이스 가이즈,7.4
2016,씽,7.1
2016,그림스비: 용감한 형제,6.2
2016,스폭에 대한 사랑으로,7.6
2016,딥워터 호라이즌,7.1
2016,너브,6.5
2016,언더 워터,6.3
2016,로스트 인 더스트,7.6
2016,제이슨 본,6.6
2016,올 위 해드,5.9
2016,레일로드 워,5.8
2016,쿵푸팬더 3,7.1
2016,잭 리처: 네버 고 백,6.1
2016,소시지 파티,6.1
2016,나의 붉은 고래,7
2016,13시간,7.3
2016,나의 그리스식 웨딩 2,6
2016,패튼 오스왈트 - 웃음 사냥꾼,6.8
2016,한니발 뷰레스: 코미디 야습,6.6
2016,플래니테리엄,4.6
2016,세상의 끝,5.1
2016,The Last Egg,4
2016,미미일소흔경성,6.4
2016,만약에,5.8
2016,화이트 헬멧: 시리아 민방위대,3.2
2016,저주받은 집의 한 송이 꽃,4.6
2016,Miraculous: A Christmas Special - Santa Claws,7
2016,마스코트,5.8
2016,국민의 일꾼: 더 무비,6.2
2016,특파원,5.9
2016,가브리엘의 그림자,6.2
2016,토니 로빈스: 멘토는 내 안에 있다,6.6
2016,잠은 죽어서나 - 스티브 아오키,6.6
2016,XOXO: 엑스오엑스오,5.3
2016,Garfunkel and Oates: Trying to be Special,7.3
2016,나를 잊지 말아요,6.5
2016,익스트리미스,7.4
2016,드림셀러,6.1
2016,토로,5.9
2016,케빈 하트: 왓 나우?,5.9
2016,폴링 스노우,5.8
2016,범고래 등대,6.7
2016,"사랑해, 내 딸",6.2
2016,오드리와 데이지,7.2
2016,꿈의 제인,6.2
2016,짱구는 못말려 극장판:  폭풍수면! 꿈꾸는 세계 대돌격,6.3
2016,브라만 나만,5.5
2016,그린란드로 가자,6.3
2016,"Dana Carvey: Straight White Male, 60",6.5
2016,Cedric the Entertainer: Live from the Ville,6.2
2016,Theo Von: No Offense,5.7
2016,오프라인 원정대,5
2016,Joe Rogan: Triggered,7.4
2016,좋아해줘,6.4
2016,일라이자: 확인 사살,6.6
2016,앨리 웡: 베이비 코브라,7.5
2016,카니발의 요나,5.4
2016,Jeff Foxworthy & Larry the Cable Guy: We've Been Thinking,5.9
2016,인형의 복수,5.2
2016,#셀피 69,6.1
2016,무수단,4.2
2016,마이클 체도 소중하다,7.2
2016,Rainbow Time,5.9
2016,Reggie Watts: Spatial,6
2016,One in a Billion,6.7
2016,Colin Quinn: The New York Story,7
2016,David Cross: Making America Great Again,6.6
2016,Tom Segura: Mostly Stories,7.5
2016,미인어,6.2
2016,로드 투 하이&로우,6.4
2016,카이: 거울 호수의 전설,4
2016,웬 더 보우 브레이크,5.2
2016,보 번햄: 해피 바이러스,8.4
2016,죽여주는 여자,7.2
2016,인페르노 속으로: 마그마의 세계,7.2
2016,하이앤로우 더 무비,6.4
2016,가려진 시간,7.2
2016,서울역,6.1
2016,내 사랑,7.6
2016,화이트 걸,5.7
2016,아이 쏘우 더 라이트,5.8
2016,이 세상의 한구석에,7.8
2016,흑마술사,5.2
2016,블루 제이,7.3
2016,눈의 여왕 3: 눈과 불의 마법대결,6
2016,하이-라이즈,5.5
2016,내 인생 특별한 숲속 여행,7.8
2016,봉이 김선달,6.6
2016,맛있는 영화,6.1
2016,브리짓 존스의 베이비,6.5
2016,"내 어깨 위 고양이, 밥",7.3
2016,사냥,5.3
2016,블레어 위치,5
2016,자도빌 포위작전,7.2
2016,비밀은 없다,6.8
2016,유 턴,7.5
2016,배드 맘스,6.2
2016,팀 폭스캐처,7.2
2016,마이펫의 이중생활,6.5
2016,터널,6.8
2016,부활,6.3
2016,다이버전트 시리즈: 얼리전트,5.7
2016,리파겐,7.1
2016,굿바이 싱글,6.4
2016,동주,7.1
2016,심야식당 2,7.4
2016,보살핌의 정석,7.3
2016,국가대표 2,6.7
2016,배리,6
2016,다른 사람들,6.8
2016,마스터,6.6
2016,라벤더,5.4
2016,어둠의 여인,6.8
2016,우리의 연인들,6.7
2016,형,7.3
2016,인천상륙작전,6.2
2016,피위의 빅 홀리데이,6.1
2016,오직 사랑뿐,6.9
2016,탈룰라,6.7
2016,디빈: 여신들,7.4
2016,네온 데몬,6.2
2016,앵그리 버드 더 무비,6.3
2016,Thomas & Friends: Full Steam To The Rescue!,5.7
2016,23 아이덴티티,7.3
2016,데이비드 브렌트 - 라이프 온 더 로드,6.3
2016,나우 유 씨 미 2,6.4
2016,캡틴 판타스틱,7.8
2016,헤드샷,6.3
2016,탐정 홍길동: 사라진 마을,6.3
2016,최강전사 미니특공대 : 영웅의 탄생,5.8
2016,제5침공,5.2
2016,맨 인 더 다크,7.1
2016,데몰리션,7
2016,마이펫 오지,5.2
2016,와호장룡: 운명의 검,6.1
2016,짐 제프리스 - 프리+덤,7.7
2016,어쌔신 크리드,5.6
2016,시크릿 레터,6.1
2016,시간이탈자,6.8
2016,목소리의 형태,8.1
2016,부산행,7.6
2016,7년,6.7
2016,검사외전,6.7
2016,아가씨,8.1
2016,제인 도,6.8
2016,라라랜드,8
2016,고스트 워,6.3
2016,스플릿,6.6
2016,우리의 20세기,7.3
2016,사랑은 부엉부엉,4.9
2016,간츠: 오,7.1
2016,파리 투 마르세유: 2주간의 여행,5.7
2016,하드코어 헨리,6.7
2016,"나는 내일, 어제의 너와 만난다",7.4
2016,The Songs We Sang,7.8
2016,올레,6.7
2016,퍼스널 쇼퍼,6.1
2016,"Beard, Hair & Stache",7.4
2016,오만과 편견 그리고 좀비,5.8
2016,패터슨,7.3
2016,미국 수정헌법 제13조,8.2
2016,럭키,6.9
2016,해어화,6.9
2016,사도행자: 특별수사대,6
2016,"당신, 거기 있어줄래요",7
2016,그레이트 월,5.9
2016,조용한 열정,6.5
2016,취조,8.4
2016,세일즈맨,7.7
2016,ARQ,6.3
2016,대니와 엘리,6.5
2016,그날의 분위기,6.7
2017,선 도그,6.3
2017,카운터펀치,6.7
2017,Brad Paisley's Comedy Rodeo,5.7
2017,Cristela Alonzo: Lower Classy,6.4
2017,작전명 서핑,7.1
2017,언더 더 씨,3.2
2017,행복 원정대: 알래스카에서 멕시코까지,5.9
2017,치어댄스,6.7
2017,Patton Oswalt: Annihilation,7.3
2017,Todd Barry: Spicy Honey,6.8
2017,Marc Maron: Too Real,7.2
2017,Maria Bamford: Old Baby,6.1
2017,Jen Kirkman: Just Keep Livin'?,6.8
2017,겟어웨이 드라이버,6.4
2017,조폐국 침입 프로젝트,4.8
2017,Jeff Dunham: Relative Disaster,6.4
2017,"라에르치, 나는 혁명이다",7
2017,Lucas Brothers: On Drugs,5.8
2017,걸프렌드 데이,5.2
2017,아디티 미탈 - 금지된 토크,4.4
2017,은하,6.7
2017,아웃도어 비긴즈,5.4
2017,Jack Whitehall: At Large,6.9
2017,Neal Brennan: 3 Mics,7.9
2017,침묵을 거래하는 손,6.5
2017,로버트 라이시의 자본주의를 구하라,6.8
2017,Something Huge,4.4
2017,무지개 너머: 드래그 퀸 마샤 P 존슨,7.2
2017,"카벨레이라, 신성한 무법자",6
2017,미스터 루스벨트,6.2
2017,사랑하기 때문에,6.5
2017,죽는 날까지,6
2017,데프 코미디 잼 25주년: 이것이 입담이다,6.6
2017,올인 게임,6.2
2017,트레버 노아 - 다크 공포증,7.3
2017,미국에서 가장 미움받는 여인,6.1
2017,Beat Bugs: All Together Now,8.4
2017,존베넷 램지 사건의 몽타주,6.1
2017,이웃집 테러리스트,5.7
2017,포인트 블랭크,5.7
2017,록 마이 하트,6.5
2017,조앤 디디온의 초상,7.4
2017,밤에 우리 영혼은,6.9
2017,우산 혁명: 소년 vs. 제국,7.3
2017,폴카 킹,6
2017,천국으로 가는 계단: 차이 구어 치앙의 예술 세계,7.3
2017,샌드 스톰,6.8
2017,저수지 게임,6
2017,지금부터 들려줄게 록샌의 이야기,6.2
2017,샌디 웩슬러,5.2
2017,홀로 걷다,7
2017,납치해주세요,6.1
2017,에이미 슈머: 가죽 의상 스페셜,3.2
2017,Tracy Morgan: Staying Alive,6.3
2017,바비: 돌핀 매직,6.4
2017,Jerry Before Seinfeld,7
2017,DeRay Davis: How to Act Black,6.2
2017,바브라: 노래와 추억과 마법과!,7.5
2017,하이앤로우 더 무비 2: 엔드 오브 스카이,7.1
2017,안 핸섬한 형사 핸섬: 넷플릭스 미스터리 무비,5.2
2017,"람 다스, 고잉 홈: 마지막 발걸음",6.6
2017,안젤라의 크리스마스,7.4
2017,Brian Regan: Nunchucks and Flamethrowers,6.4
2017,사하라,5.5
2017,풍운대전,6.4
2017,세라 실버먼: 티끌 한 점,6.9
2017,Jim Norton: Mouthful of Shame,7
2017,알리의 웨딩,6.9
2017,Gad Gone Wild,6.9
2017,로드니 킹,6.2
2017,킹메이커 로저 스톤,7.3
2017,역모 - 반란의 시대,5.6
2017,엘카미노 크리스마스,5.7
2017,Maz Jobrani: Immigrant,6.7
2017,"디드라와 레이니, 열차를 털다",6
2017,Up North,5.4
2017,밀러 따라잡기,5.8
2017,Rory Scovel Tries Stand-Up for the First Time,6.8
2017,마이클 볼턴의 섹시 밸런타인데이 스페셜,6.8
2017,스토리봇의 크리스마스 선물,5.9
2017,원펀치 2,5.8
2017,관음증자의 모텔,6.1
2017,Lynne Koplitz: Hormonal Beast,6.3
2017,유니콘 스토어,5.6
2017,버디 썬더스트럭: 어쩌면 봉투,5.4
2017,용의자X적 헌신,6.1
2017,Chris D'Elia: Man on Fire,6.5
2017,Ryan Hamilton: Happy Face,7.3
2017,Jo Koy: Live from Seattle,7.3
2017,Joe Mande's Award-Winning Comedy Special,6.1
2017,Christina P: Mother Inferior,6.4
2017,칼루시 이야기,6.6
2017,Vir Das: Abroad Understanding,6.9
2017,사랑의 재발견,4.2
2017,"Norm Macdonald: Hitler's Dog, Gossip & Trickery",7.4
2017,안녕 자두야 서유기: 어쩌다 영웅,6.5
2017,Katherine Ryan: In Trouble,7
2017,로드니 캐링턴: 정리하고 왔습니다,4.6
2017,Out of Thin Air,6.3
2017,누드 리플레이,5.4
2017,10번 고속도로를 타라,4.8
2017,앙가말리 사람들,7.9
2017,두 발로 굳건히,5.5
2017,"오늘 밤, 엄마를 찾지 마",5.3
2017,제3의 눈,5.1
2017,굿맨 조,5.8
2017,Bill Burr: Walk Your Way Out,7.2
2017,스트롱 아일랜드,6.4
2017,주다 프리드랜더 : 미국은 위대해,7.8
2017,우리들의 일기,6.2
2017,레이디스 퍼스트: 내일을 향해 쏴라,3.8
2017,언더 더 씨 2,5.4
2017,페루 - 보물을 품은 그곳으로,6.1
2017,트롤 홀리데이,6.1
2017,Russell Howard: Recalibrate,7.4
2017,인형의 분노,5.2
2017,홈: 크리스마스 대소동,4.9
2017,굿 캅 배드 캅 2,6.6
2017,소원을 이뤄드립니다,7.2
2017,보이지 않는,6
2017,섹스토피아,6
2017,이모티: 더 무비,3.3
2017,장산범,5.6
2017,산호초를 따라서,8
2017,하산 미나즈의 금의환향,8.2
2017,원더 휠,6.2
2017,리빙보이 인 뉴욕,6.3
2017,너와 100번째 사랑,6.7
2017,반드시 잡는다,6.6
2017,클리니컬,5.1
2017,원라인,5.9
2017,레이디 가가 155cm의 도발,7
2017,원더스트럭,6.2
2017,예수는 역사다,6.3
2017,헤로인 vs. 히로인,6.7
2017,Mike Birbiglia: Thank God for Jokes,7.5
2017,사랑이란,5.1
2017,그는 야구장에 갔다,7.4
2017,아기와 나,5.8
2017,비정규직 특수요원,5.5
2017,투 더 본,6.8
2017,이소켄의 선택,6.5
2017,부시윅,5.2
2017,시체들의 새벽: 컨테이젼,3.4
2017,마이어로위츠 이야기 (제대로 고른 신작),6.9
2017,군함도,7.1
2017,강철비,7.1
2017,옥자,7.3
2017,플로리다 프로젝트,7.6
2017,50가지 그림자: 심연,4.6
2017,메이헴,6.4
2017,보스 베이비,6.3
2017,몰리스 게임,7.4
2017,토이무비: 미래대모험,5.6
2017,해빙,6.4
2017,저스티스 리그,6.1
2017,살인자의 기억법,7.2
2017,스페셜 시큐리티 : 라스트 미션,5.7
2017,택시운전사,7.9
2017,올 더 머니,6.8
2017,더 킹,6.8
2017,푸른노을,6.8
2017,원더우먼 스토리,7
2017,발레리안: 천 개 행성의 도시,6.4
2017,프리즌,6.5
2017,사일런트 레이크,6.3
2017,잭은 무슨 짓을 했는가?,7.3
2017,"부르고뉴, 와인에서 찾은 인생",6.8
2017,Jim Gaffigan: Cinco,7.1
2017,아기돼지 3형제와 쿵푸랜드,6.8
2017,배드 맘스 크리스마스,5.6
2017,쿠바와 카메라맨,8.2
2017,나미야 잡화점의 기적: 또 하나의 이야기,5.1
2017,"안녕, 나의 소녀",6
2017,배드 프랭크,5
2017,에스코바르,6.3
2017,지옥에서 온 전언,6.4
2017,헬로 브로드웨이 코미디 쇼,7.7
2017,그들이 아버지를 죽였다,7.2
2017,올드마린보이,7.2
2017,작은 사탄,5.7
2017,소름 2,6.4
2017,미옥,5.5
2017,주드 아패토우: 대략 옆집 아저씨,6.2
2017,아이 킬 자이언츠,6.1
2017,워 머신,6
2017,1922,6.2
2017,The Deal,6.2
2017,White Boy,7.1
2017,자체발광 제시카 제임스,6.5
2017,Return of Wong Fei Hung,7.3
2017,나를 기억해,5.4
2017,미스 푸줏간,6
2017,특별시민,6.3
2017,주피터스 문,6.1
2017,침묵,6.6
2017,싸반,5.9
2017,크리스마스 인 스노우,5.7
2017,마스 제너레이션,6.5
2017,코너 맥그리거: 노토리어스,7.1
2017,로열 크리스마스,5.8
2017,셰퍼즈 앤 벗쳐스,6.8
2017,아빠는 딸,6.3
2017,티퍼니 해디시: 빈민가에서 할리우드로,6.6
2017,보통사람,6.3
2017,리턴,6.9
2017,아이 앰 히스 레저,7.3
2017,Sad Hill Unearthed,7.3
2017,킬러의 보디가드,6.9
2017,식스 빌로우,5.7
2017,7번째 내가 죽던 날,6.4
2017,아토믹 블론드,6.7
2017,Yuddham Sharanam,5.8
2017,잃어버린 도시 Z,6.6
2017,악녀,6.6
2017,짐과 앤디: 인생과 연기 사이,7.6
2017,터닝메카드W: 블랙미러의 부활,8.2
2017,카고,6.3
2017,꾼,6.6
2017,루스에게 생긴 일,6.9
2017,스페이스 워커,7.2
2017,철의 심장을 가진 남자,6.4
2017,래버너스,5.8
2017,포켓몬스터 극장판 - 너로 정했다!,6.3
2017,Puss in Book: Trapped in an Epic Tale,7.1
2017,하이앤로우 더 무비 3: 파이널 미션,7.1
2017,인비저블 가디언,6.4
2017,블레임!,6.6
2017,강철의 연금술사,5.2
2017,보안관,5.9
2017,잡히기만 해봐라,8.4
2017,피부,6.1
2017,제럴드의 게임,6.5
2017,더 서클,5.3
2017,샌드 캐슬,6.3
2017,소통과 거짓말,4.6
2017,사탄의 베이비시터,6.4
2017,런던 하이스트,5.1
2017,플랫라이너,5.2
2017,Familiye,6.4
2017,어트랙션,5.7
2017,희생부활자,5.7
2017,이카로스,7.9
2017,브라이트,6.3
2017,달링,7.1
2017,조작된 도시,6.8
2017,튤립 피버,6.2
2017,아이 캔 스피크,7.5
2017,아이보이,6
2017,"러브, 어게인",5.8
2017,호밀밭의 반항아,6.7
2017,12번째 솔저,7.3
2017,데스노트,4.6
2017,치욕의 대지,7.4
2017,디스커버리,6.2
2017,가질 수 있다면,4.7
2017,리얼,4.7
2017,무한의 주인: 불멸의 검,6.7
2017,인비저블 게스트,8
2017,신과함께-죄와 벌,7.2
2017,베이워치: SOS 해상 구조대,5.5
2017,카메라를 멈추면 안 돼!,7.6
2017,킬링 디어,7
2017,1987,7.8
2017,더 포스트,7.2
2017,공조,6.6
2017,Get Out,7.8
2017,원더,7.9
2017,베로니카,6.2
2017,프리 파이어,6.3
2017,빠삐용,7.2
2017,기억의 밤,7.4
2017,몸을 죽이는 자본의 밥상,7.4
2017,47 미터,5.6
2017,존 윅 2: 리로드,7.4
2017,Town Business,6.3
2017,리추얼: 숲속에 있다,6.3
2017,쥬만지 : 새로운 세계,6.9
2017,재심,6.8
2017,레이디스 나잇,5.2
2017,부라더,6.1
2017,불한당: 나쁜 놈들의 세상,6.7
2017,Craig Ferguson: Tickle Fight,6.6
2017,#리얼리티하이,5.1
2017,버려진 자들의 땅,5.2
2017,바후발리 2: 더 컨클루전,8.2
2017,청년경찰,7.3
2017,트리플 엑스 리턴즈,5.2
2017,콜럼버스,7.2
2017,패딩턴 2,7.8
2017,배드 지니어스,7.6
2017,The Mummy,5.4
2017,월요일이 사라졌다,6.8
2017,라이프,6.6
2017,남한산성,6.8
2017,오두막,6.3
2017,임금님의 사건수첩,6.4
2017,트랜스포머: 최후의 기사,5.2
2017,우리만의 왕국,6.9
2018,블리치,6.4
2018,세스 로건: 웃음의 마법으로,5.1
2018,브레슬라우의 처형,6
2018,프라우드 메리,5
2018,올 이즈 굿,6.5
2018,천사들이 잠든 밤,5.5
2018,Adam Sandler: 100% Fresh,7.5
2018,웨딩 위크,5.2
2018,판타스틱 썸머,5.5
2018,기쁨의 도시,7.5
2018,댄싱 마미스,5.8
2018,게임 오버,5.4
2018,아니마스,3.3
2018,열린 문틈으로,3.3
2018,슈퍼로페스,5.4
2018,흥부: 글로 세상을 바꾼 자,6.2
2018,배틀,5.9
2018,Harith Iskander: I Told You So,4.9
2018,아덴만의 새벽,6.8
2018,패러독스,4
2018,에릭 클랩튼: 기타의 신,7.4
2018,라잇 히어 라잇 나우,5.4
2018,데런 브라운: 희생,7.1
2018,조이,6.6
2018,John Leguizamo's Latin History for Morons,7.4
2018,크리스마스 마운틴,5.2
2018,늑대개 화이트팽,6.9
2018,러스트 스토리,6.4
2018,그날이 오면,6
2018,엔드 게임: 생이 끝나갈 때,6.1
2018,당신의 아들,6.1
2018,살아남은 아이,6.8
2018,Greg Davies: You Magnificent Beast,7.1
2018,Steve Martin and Martin Short,7.1
2018,셰에라자드,7
2018,게이트,5.2
2018,세상을 가져라,6.3
2018,이게 사랑이라니,5.7
2018,코드명 엔젤,6.7
2018,비밥바룰라,6.9
2018,변함없는 자들의 마을,6.2
2018,허니문은 아버지와 함께,6.1
2018,일요일의 병,6.9
2018,리벤져,5.7
2018,파라노말 헌터,3.7
2018,드라이 마르티나,5.8
2018,솔로: 벼랑 끝에서 홀로,5
2018,가족의 색깔,7
2018,바르셀로나 이비자 DJ,5.2
2018,라플라스의 마녀,5.2
2018,작은 영웅: 게와 달걀과 투명인간,6.6
2018,10년: 일본,5.8
2018,Penalty Kick,3.8
2018,아웃사이드 인,6.7
2018,프린스 챠밍,5.6
2018,칼날 위에 서다: 첨단 의학의 덫,7.6
2018,종말의 끝,5
2018,사탄이 두려워한 대장장이,6.4
2018,"Ron White: If You Quit Listening, I'll Shut Up",6.6
2018,체실 비치에서,6.3
2018,좀비 워,4.8
2018,스프링스틴 온 브로드웨이,8.5
2018,윌리,4
2018,아우로라,4.4
2018,블루버드 인 마이 하트,6.3
2018,리틀드래곤 코코넛2: 정글대탐험,4.8
2018,국가부도의 날,6.7
2018,Super Monsters and the Wish Star,5.6
2018,그토록 오랫동안,5.6
2018,아웃사이더,6.2
2018,오슨 웰스의 마지막 로즈버드,7.4
2018,나의 Ex,7.3
2018,늑대의 어둠,5.6
2018,힙합 애프터 파티,5.8
2018,나쁜 아이들,7.3
2018,피의 나무,6.4
2018,크레이지 부다페스트,5.5
2018,고뇌: 슈칼스키의 삶과 예술,7.9
2018,스모선수 도전기,5.9
2018,이별 조작단,5.9
2018,덕 버터: 우리가 사랑이라 부르는 것,5.3
2018,내 이름은 조나스,7
2018,W. 카마우 벨: 프라이빗 스쿨 니그로,6.5
2018,유카탄으로,5.6
2018,극장판 일곱 개의 대죄: 천공의 포로,7
2018,디터 람스,7.6
2018,아마추어,5.9
2018,그링고,6.1
2018,해변의 밀프,4.8
2018,신비아파트: 금빛 도깨비와 비밀의 동굴,8
2018,적인걸3: 사대천왕,6.3
2018,매직 캘린더 - 크리스마스를 부탁해,5.7
2018,누가 네게 노래를 불러줄까,6.9
2018,바람 바람 바람,6.2
2018,Vir Das: Losing It,7
2018,어느 허무명랑한 인생,6.7
2018,괴물들,5.7
2018,나의 피부로,7.3
2018,Hajwala 2: Mysterious Mission,4.2
2018,악마가 오기 전에,5.9
2018,마우트하우센의 사진사,6.7
2018,제인 로 케이스 뒤집기,7.5
2018,행복도시,6.3
2018,대체불가 당신,6.4
2018,"안녕, 와이파이",6.1
2018,Katt Williams: Great America,6.2
2018,슬럼가 대습격,5.7
2018,케빈 제임스: 절대 포기해,6.2
2018,스텝 시스터즈,5.5
2018,H 다이어리,5.9
2018,마음의 소리 스페셜 1 - 효! 크러쉬,6.4
2018,두 개의 카탈루냐,6.4
2018,리커버리 보이즈,6.7
2018,Russell Brand: Re:Birth,6.5
2018,리마스터드: 누가 잼 마스터 제이를 죽였나?,6.5
2018,Demetri Martin: The Overthinker,7.2
2018,짐 제프리스: 이번 생은 이런 걸로,7.4
2018,코카인 섬의 전설,6.3
2018,아무것도 잃을 것은 없다,2.4
2018,번개맨과 신비의 섬,7.3
2018,Bert Kreischer: Secret Time,7.3
2018,Tom Segura: Disgraceful,7.5
2018,신부님은 골키퍼,5.3
2018,Forgive Us Our Debts,6.2
2018,사랑의 물리학,6.1
2018,Fred Armisen: Standup for Drummers,5.8
2018,링 위의 바요네타,5.6
2018,우유 전쟁,7
2018,끝까지 전력투구: 왕젠민 이야기,7.1
2018,3분간의 허그,5.5
2018,"내 사랑, 어디로 가야 하죠?",5.5
2018,착한 불륜남 클럽,5.5
2018,타깃,4.1
2018,"브리지 모한, 죽어야 사는 남자",6.6
2018,리마스터드: 닉슨 vs 맨 인 블랙,7.1
2018,Fary Is the New Black,6
2018,Marlon Wayans: Woke-ish,6.5
2018,Gad Elmaleh: American Dream,7.2
2018,이 거리에서 살아남는 법,5.4
2018,싱글 레이디,6.1
2018,귀신온천여관,6
2018,블랙 프린스: 크리스마스 캐럴,5.7
2018,Mo Amer: The Vagabond,7.3
2018,"I, Potro",6.2
2018,학교 총기 참사의 교훈: 던블레인에서 온 편지,6.3
2018,"레이첼, 하얀 흑인",6.3
2018,레슬러 자이언 클라크,5.4
2018,보스의 자격,5.4
2018,조 로건: 희한한 시절,7.3
2018,코만도 레알,5.8
2018,Party Monster: Scratching the Surface,7.1
2018,5성급 크리스마스,4.5
2018,파카 퍼즈: 뜨거운 감자,4.4
2018,Stretch Armstrong: The Breakout,6.5
2018,미국 시민권 프로젝트,6.5
2018,킹 오브 보이즈,6.2
2018,사랑은 아파트를 타고,7.2
2018,음악 선생님,6.2
2018,Hari Kondabolu: Warn Your Relatives,6.7
2018,수사나: 산 채로 묻힌 여자,5.5
2018,앨리 웡: 성性역은 없다,7.3
2018,소년 장군 고요,6.7
2018,리마스터드: 누가 밥 말리를 쏘았나,6.9
2018,녀석들의 졸업백서,5.2
2018,"춘천, 춘천",6.2
2018,위선 2,5.6
2018,피리어드: 더 패드 프로젝트,5.4
2018,조지아의 상인,6
2018,티 마이: 베트남으로,6
2018,건 시티 바르셀로나,6.3
2018,트레버 노아: 그 엄마에 그 아들,7.3
2018,파차마마와 보물의 땅,6.8
2018,우리의 계절은,6.6
2018,토드 글래스: 재즈처럼,5.1
2018,일라이자 슐레싱거: 좀 아는 여자,7.2
2018,번 아웃,6.2
2018,로열 크리스마스: 세기의 결혼,5.3
2018,Super Monsters Save Halloween,5.4
2018,머큐리 13,7
2018,"우리, 별들의 세계로",6.3
2018,글로리아 올레드 : 약자 편에 선다,7.3
2018,회색 게임: 원 투 자가,6.5
2018,티그 노타로: 기쁘지 아니한가,6.6
2018,매일 살해당하는 여자,5.3
2018,아웃 & 인,5.4
2018,적인걸7: 무두장군,6
2018,캐빈 제이 : 세계 최강 심술꾼,6
2018,무간도 외전,7.5
2018,크리스 록의 탬버린,6.6
2018,화이트테일 디어 헌터,5.5
2018,캔디상자,5.8
2018,아메리칸 밈,6.1
2018,Enissa Amani: Ehrenwort,5.6
2018,Aggretsuko: We Wish You A Metal Christmas,5.7
2018,라이온하트,5.7
2018,퍼스트 매치,6.4
2018,우리 함께 파라다이스,5.9
2018,인형의 저주,4.2
2018,무슨 일이 생길지는 아무도 모른다,6.6
2018,유병재: B의 농담,5.5
2018,유병재: 블랙코미디,5.5
2018,Camarón: The Film,7.4
2018,돌아오지 않는,6.7
2018,Dany de Boon des Hauts-de-France,6.3
2018,첫키스만 50번째,6.6
2018,포제션 오브 한나 그레이스,5.2
2018,7년의 밤,5.8
2018,오퍼레이션 피날레,6.6
2018,침묵의 비명,4.8
2018,아웃로 킹,6.9
2018,아논,6.1
2018,벤 이즈 백,6.7
2018,인투 더 미러,5.8
2018,나를 차버린 스파이,6
2018,쟈니 잉글리쉬 3: 스트라이크 어게인,6.2
2018,그것만이 내 세상,7.5
2018,배드 사마리안,6.4
2018,블라인드 멜로디,8.2
2018,트루스 오어 데어,5.2
2018,크리스마스 연대기,7
2018,아이 필 프리티,5.6
2018,테일러 스위프트의 레퓨테이션 스타디움 투어,8.4
2018,12 솔져스,6.5
2018,인스턴트 패밀리,7.3
2018,커뮤터,6.3
2018,슬렌더 맨,3.2
2018,"고흐, 영원의 문에서",7
2018,미드 90,7.3
2018,행복한 남자,7.2
2018,언프렌디드: 다크 웹,6
2018,이스케이프 플랜 2: 하데스,3.9
2018,안시성,7
2018,너의 결혼식,7
2018,스윙키즈,7.5
2018,너의 새는 노래할 수 있어,6.7
2018,누구나 아는 비밀,6.9
2018,웨폰 오브 초이스,4.9
2018,7월 22일,6.8
2018,건지 감자껍질파이 북클럽,7.3
2018,상사에 대처하는 로맨틱한 자세,6.5
2018,수영장으로 간 남자들,6.9
2018,내가 사랑했던 모든 남자들에게,7.1
2018,కవచం,5.6
2018,신과함께-인과 연,7.1
2018,여명의 기도,6.8
2018,카메론 포스트의 잘못된 교육,6.6
2018,삼국: 무영자,7
2018,고질라: 행성포식자,5.1
2018,비독: 파리의 황제,6.3
2018,은혼2: 규칙은 깨라고 있는 것,6.4
2018,블랙 미러: 밴더스내치,7.1
2018,더 게이트,7.1
2018,미드나잇 선,6.6
2018,상류사회,5.6
2018,"스탠바이, 웬디",6.7
2018,데스 위시,6.3
2018,마약왕,6.2
2018,레벨 16,6.1
2018,벽 속에 숨은 마법시계,6.1
2018,바이스,7.2
2018,박화영,6.5
2018,구스범스: 몬스터의 역습,5.6
2018,서스페리아,6.7
2018,공작,7.3
2018,그린치,6.4
2018,완벽한 타인,6.9
2018,쥬라기 월드: 폴른 킹덤,7.7
2018,미션 임파서블: 폴아웃,7.7
2018,Face Off 3: Imperfect Trio,6.3
2018,궁합,6.3
2018,유전,7.3
2018,업그레이드,7.5
2018,인시디어스4: 라스트 키,5.7
2018,살인마 잭의 집,6.8
2018,버닝,7.5
2018,어느 가족,7.9
2018,독전,6.6
2018,그린 북,8.2
2018,범블비,6.7
2018,시티 오브 라이즈,6.5
2018,서던 리치: 소멸의 땅,6.8
2018,리지,5.9
2018,헌터 킬러,6.6
2018,부탁 하나만 들어줘,6.8
2018,리버스 엣지,6.2
2018,로마,7.7
2018,리틀 이태리,5.7
2018,스카이스크래퍼,5.8
2018,버드 박스,6.6
2018,크리미널 스쿼드,7
2018,마담 싸이코,6
2018,어드리프트: 우리가 함께한 바다,6.6
2018,곤지암,6.4
2018,화이트 보이 릭,6.5
2018,하이 라이프,5.8
2018,리틀 포레스트,7.3
2018,허스토리,6.8
2018,흔적 없는 삶,7.1
2018,커런트 워,6.5
2018,가버나움,8.4
2018,50가지 그림자: 해방,4.5
2018,카우보이의 노래,7.3
2018,맘마 미아! 2,6.6
2018,퍼시픽 림: 업라이징,5.6
2018,클로버필드 패러독스,5.5
2018,너의 췌장을 먹고 싶어,8
2018,모털 엔진,6.1
2018,홈즈 & 왓슨,3.9
2018,폭풍의 시간,7.4
2018,성난황소,6.6
2018,유혹의 계절,6.4
2018,늑대의 살갗 아래,5.8
2018,포켓몬스터 극장판 - 모두의 이야기,6.2
2018,비커밍 아스트리드,7.1
2018,골든슬럼버,5.9
2018,협상,6.7
2018,무덤의 수호자,4.4
2018,캠 걸스,5.9
2018,프라이빗 라이프,7.2
2018,슈퍼맨 각성제,6.3
2018,위험한 이웃,6.8
2018,언덕길의 아폴론,6.7
2018,사랑은 비가 갠 뒤처럼,6.7
2018,조선명탐정: 흡혈괴마의 비밀,6.1
2018,John Mulaney: Kid Gorgeous at Radio City,7.9
2018,미켈란젤로,7.2
2018,루킹 글라스,4.7
2018,Mute,5.4
2018,엔테베 작전,5.9
2018,동네사람들,6.1
2018,인면어: 저주의 시작,5.2
2018,암수살인,6.7
2018,네가 없는 시간,5.6
2018,위험한 만찬,6.8
2018,염력,5.9
2018,넥스트 젠,6.6
2018,덕구,6.8
2018,나의 작은 시인에게,6.7
2018,Rafinha Bastos: Ultimatum,6.4
2018,크리스마스 스위치,6.1
2018,물괴,6.1
2018,프린스는 교환학생 - 크리스마스 사슴 이야기,5.4
2018,PMC: 더 벙커,5.4
2018,미쓰백,6.8
2018,스마트폰을 떨어뜨렸을 뿐인데,5.4
2018,라우던 웨인라이트 3세 - C의 노래,7.1
2018,목격자,6.5
2018,12년의 밤,7.5
2018,"우리, 운명일까?",5.7
2018,빅 브라더,6.3
2018,돌아온 벤지,6.3
2018,리키 저베이스: 인간이 싫어,7.9
2018,홈,7.6
2018,퀸시 존스의 음악과 삶,7.6
2018,펭귄 하이웨이,7.1
2018,빌리어네어 보이즈 클럽,5.6
2018,퍼펙션,6.2
2018,Rajma Chawal,5.7
2018,밤이 온다,6.9
2018,Franco Escamilla: por la anécdota,7
2018,죄 많은 소녀,6.4
2018,모리의 정원,6.8
2018,우리 처음 만났을 때,6.4
2018,거꾸로 가는 남자,6.3
2018,레지스탕스 뱅커,6.9
2018,브레이븐,5.9
2018,시에라 연애 대작전,5.8
2018,Chief Daddy,4.6
2018,n번째 이별중,5.8
2018,이상한 나라의 앨릭스,6.3
2018,익스팅션: 종의 구원자,5.8
2018,덤플링,6.5
2018,미스터 앤 미스터 대디,6.4
2018,아무 일도 없었다,6.8
2018,타우,5.8
2018,패밀리 블러드,4.2
2018,칠드런 액트,6.7
2018,Adel Karam: Live from Beirut,5.3
2018,어느 날 인생이 엉켰다,6.4
2018,세컨드 액트,5.8
2018,와일드라이프,6.8
2018,키싱 부스,5.9
2018,더 패키지,5.6
2018,바람의 저편,6.7
2018,막달라 마리아: 부활의 증인,5.9
2018,소공녀,7.4
2018,마일 22,6.1
2018,걸,7.2
2018,복수의 사도,6.3
2018,셔커스 - 잃어버린 필름을 찾아서,7.3
2018,탐정: 리턴즈,6.5
2018,한나,5.9
2018,D.L. Hughley: Contrarian,6.6
2018,모글리: 정글의 전설,6.5
2018,2215km,7.7
2018,창궐,6.3
2018,애프터 에브리씽,6.4
2018,이별의 아침에 약속의 꽃을 장식하자,7.4
2018,고질라: 결전기동증식도시,5.8
2018,킨: 더 비기닝,5.8
2018,페미니스트: 닫힌 문을 열고,7.1
2018,콜레트,6.7
2018,못 말리는 부자들,5.2
2018,쁘띠 아만다,7
2018,조,6.1
2018,마드무아젤: 위대한 유혹,6.8
2018,호텔 아르테미스,6.1
2018,헬 페스트,5.5
2018,롤링 투 유,6.5
2018,해나 개즈비: 나의 이야기,8.2
2018,천사의 시간,7.1
2018,다이노 어드벤처: 육해공 킬러 엘리트,7
2019,기생충,8.5
2019,마이크 버비글리아: 오 마이 주니어,7.7
2019,강변호텔,6.7
2019,프렌드 존,7.2
2019,하이앤로우 더 워스트,6.7
2019,비욘세의 홈커밍,7.5
2019,케빈 하트: 내 멋대로 산다,6.6
2019,미셸 울프: 웃자는 얘기죠,7.3
2019,올로투레,5.6
2019,사랑은 얼마인가요 2,7
2019,우리의 영웅,6.3
2019,타짜: 원 아이드 잭,6
2019,어쩌다 축구소녀,5.2
2019,소니,7.1
2019,래틀스네이크,4.7
2019,Franco Escamilla: bienvenido al mundo,7.1
2019,"Kalel, 15",7.1
2019,위험한 드라이브,3.2
2019,사랑 없는 숲,6.3
2019,시크릿 옵세션,4.5
2019,세스 마이어스: 가족의 탄생,7.5
2019,Edoardo Ferrario: Temi Caldi,6.5
2019,DJ 신데렐라,4.6
2019,페가수스,6.3
2019,딸에게 들려주는 흑인의 역사,5.6
2019,트래비스 스콧: 날 수 있어,6.3
2019,"핫 기믹: 소녀, 소년을 만나다",4.4
2019,아더후드,6.1
2019,제이티 르로이,5.5
2019,Aziz Ansari: Right Now,7.5
2019,에이미 슈머: 성장 코미디,5.5
2019,중력을 거스르는 남자,5.8
2019,엘리사와 마르셀라,6.6
2019,무인도에 누군가 데려간다면,5.3
2019,사이먼 앰스털: 결론은 프리덤,6.5
2019,미국의 아들,5.9
2019,가브리엘 이글레시아스: 두루두루 쇼,7.3
2019,Super Monsters Furever Friends,5.7
2019,시티헌터: 신주쿠 프라이빗 아이즈,6.4
2019,로열 크리스마스: 오 마이 베이비,5.4
2019,로니 쳉: 아시아 코미디언이 미국을 망치는 이유,7.4
2019,그래스 이즈 그리너,7.1
2019,새들과 춤을,6.1
2019,와인 패밀리,6.1
2019,더 앱,2.8
2019,감쪽같은 그녀,5.9
2019,이블린,7.3
2019,"아호, 나의 아들",8.4
2019,우리의 지구: 끝나지 않은 여정,8.4
2019,걸캅스,6.1
2019,Saverio Raimondo: Il Satiro Parlante,6
2019,미스 발라,5.8
2019,니노쿠니,6.1
2019,데드 키즈,5.4
2019,더 인트루더,5.6
2019,어제가 오면,5.3
2019,뺑반,5.9
2019,패밀리 리유니언: 크리스마스가 오면,5.9
2019,썸원 그레이트,6.2
2019,오프라 윈프리와의 대화: 지금 그들이 우리를 바라볼 때,7.8
2019,나쁜 녀석들: 더 무비,6.2
2019,도미노,4.5
2019,렛 잇 스노우,5.8
2019,이지 걸,5.6
2019,엽문 리부트 2020,4.6
2019,위기의 민주주의: 룰라에서 탄핵까지,7.3
2019,체념 증후군의 기록,5
2019,엄마가 그랬어,6.2
2019,스텔라를 납치했다,4.9
2019,빤스맨과 으스스한 이야기: 해커윈,5.9
2019,Mo Gilligan: Momentum,6.4
2019,"오, 라모나!",4.8
2019,림 오브 더 월드,5.2
2019,신의 한 수: 귀수편,6.4
2019,스노우 화이트,5.3
2019,브레네 브라운: 나를 바꾸는 용기,7.7
2019,제9분국 : 귀신 전담반,5.6
2019,Jimmy Carr: The Best of Ultimate Gold Greatest Hits,7.3
2019,우당탕탕 로코와 친구들 - 멋진 신세계,6.9
2019,다크 크리스탈: 저항의 시대 메이킹 필름,7.5
2019,"아무튼, 우리",5.4
2019,굿 샘,5.7
2019,서커스 오브 북스,7.1
2019,인생은 플라멩코처럼,3.9
2019,제니 슬레이트: 무대 공포증,5.8
2019,블랙 갓파더,7.5
2019,영하의 바람,6.9
2019,Francesco De Carlo: Cose di Questo Mondo,6.4
2019,스쿨 라이프,6.5
2019,Earthquake Bird,6
2019,리버레이션: 천진 대전투,5.9
2019,더 하드 웨이,4.8
2019,블랙 프린스: 밸런타인데이,7.2
2019,Ricardo Quevedo: los amargados somos más,7.2
2019,"단속, 그 후",6.5
2019,Daniel Sosa: Maleducado,6.5
2019,조 코이 : 뜨거운 느낌,7.4
2019,8월 15일,5.9
2019,"아세니오 홀: 스마트하게, 품위 있게",6
2019,티퍼니 해디시: 블랙 미츠바,6.3
2019,휘트니 커밍스: 만져도 돼?,6.5
2019,제프 더넘: 투덜투덜 투게더,6.9
2019,라테와 마법의 돌,5.6
2019,트루: 사탕을 주세요,6.9
2019,시민 노무현,6.9
2019,트루와 무지개 왕국의 겨울 축제,6.9
2019,리마스터드: 사자의 몫,6.9
2019,무대에 미치다,6.6
2019,슈퍼 몬스터 - 크리스마스를 지켜라!,4.8
2019,폰티아낙의 저주,5.3
2019,"안녕, 티라노: 영원히, 함께",7
2019,"리마스터드: 샘 쿡, 두 번 죽다",7.2
2019,백 투 스쿨,5.3
2019,"우리는, 파리",4.6
2019,네이트 바가치: 테네시에서 왔습니다만,7.6
2019,My Next Guest with David Letterman and Shah Rukh Khan,5.2
2019,Grego Rossello: Disculpe las molestias,5.2
2019,Tee Shot: Ariya Jutanugarn,6.6
2019,트루: 마음을 전해요,6.6
2019,Chhota Bheem Ka Roosi Romanch,6.6
2019,반딧불이 딘딘과 용감한 곤충 탐험대,6.6
2019,"Martin Matte : La vie, la mort... eh la la..!",6.6
2019,Liss Pereira: Reteniendo Liquidos,6.3
2019,하늘 높이: 국경의 철새들,5.9
2019,슈퍼 몬스터: 비다의 첫 핼러윈,5.9
2019,Super Monsters Back to School,6.2
2019,꽃들의 집: 그녀의 장례식,7.3
2019,리마스터드: 빅토르 하라의 마지막 노래,7.3
2019,박나래의 농염주의보,5.8
2019,투씨와 가짜 슈퍼스타,5.8
2019,리마스터드: 마이애미 쇼밴드 참사,6.9
2019,내 이름은 키티,5.2
2019,심장의 불꽃,5.2
2019,디온 콜: 네 멋대로 해라,6.9
2019,켄 정: 크레이지 리치 코리안의 고백,5.7
2019,장난스런 키스,5.9
2019,제3의 눈 2,5.4
2019,두 레스토랑 이야기,6.5
2019,고스트 오브 슈거랜드: 그는 어디에,7.2
2019,레이 로마노: 홈그라운드,7.2
2019,파르치스: 우리는 아이돌이었다,6.8
2019,비크람: 요가 구루의 두 얼굴,6.7
2019,로레나: 샌들의 마라토너,6.4
2019,비트,6.4
2019,완다 사이크스: 정상이 아니야,7.3
2019,환토: 상상의 땅,6.2
2019,나의 형제,6.7
2019,라 마피아,6.2
2019,안소니 제셀닉: 금기의 농담들,7.2
2019,첼시의 백인 특권 전격 해부,4.9
2019,여기는 일본 애니 월드,2.6
2019,홀리데이 러시,4.9
2019,웻 시즌,6.8
2019,"프랑켄슈타인의 괴물의 괴물, 프랑켄슈타인",5.8
2019,Miranda Sings Live... Your Welcome,5.5
2019,마리아,5.1
2019,암전,4.8
2019,윈데르송 누니스: 어른이란,7.2
2019,Sitara,6.9
2019,리마스터드: 악마와 걸은 사나이,7
2019,"그날, 패러다이스",6.5
2019,파딜리 카마라: 이 구역의 웃긴 여자,5.8
2019,잭 화이트홀: 발칙한 크리스마스,6
2019,니키 글레이저: 29금 주의,6.2
2019,핑크퐁 시네마 콘서트: 우주대탐험,4.7
2019,3층 복도 끝에서,4.7
2019,로데오 어게인,6.4
2019,걸스 위드 볼스,3.9
2019,카센타,6.7
2019,애프터 마리아,6.7
2019,스타트 업 & 다운,6.7
2019,일라이자 슐레싱거: 베일을 벗을래,6.5
2019,제프 갈린: 시카고의 남자,5.9
2019,스피릿과 함께하는 크리스마스,5.2
2019,후아니타,6
2019,파라다이스 비치,4.6
2019,말리부 주니어 구조대,5.1
2019,버디와 함께 해피 엔딩,5.6
2019,화이트 스톰2 : 마약전쟁,6
2019,보통의 가족,6.5
2019,젓가락 행진곡,6.5
2019,"마일즈 데이비스, 쿨 재즈의 탄생",7.4
2019,높이 나는 새,6.2
2019,Katherine Ryan: Glitter Room,6.8
2019,백두산,6.2
2019,사바하,6.2
2019,나의 마더,6.7
2019,루프,6.6
2019,Red Shoes and the Seven Dwarfs,6.4
2019,우타다 히카루：래프터 인 더 다크 투어 2018,8
2019,나는 악마를 사랑했다,6.7
2019,아메리칸 팩토리: 오바마 부부와의 대화,7.2
2019,파이브 피트,7.2
2019,파비안느에 관한 진실,6.5
2019,"어디갔어, 버나뎃",6.5
2019,증인,7.4
2019,21 브릿지: 테러 셧다운,6.6
2019,변신,5.9
2019,클로즈,5.7
2019,The Modest Heroes of Studio Ponoc,6.6
2019,미스터 존스,6.9
2019,7번방의 기적,8.2
2019,바람을 길들인 풍차소년,7.6
2019,샤프트,6.4
2019,머더 미스터리,6
2019,브레이킹 배드 무비: 엘 카미노,7.3
2019,폴링 인 러브,5.6
2019,변방의 형제들,6.4
2019,메기,6.1
2019,천문: 하늘에 묻는다,7.4
2019,바이올렛 에버가든 외전: 영원과 자동수기인형,7.4
2019,틴 스피릿,6.1
2019,롤링 선더 레뷰 - 마틴 스코세이지의 밥 딜런 이야기,7.6
2019,아메리칸 팩토리,7.4
2019,더 더트,7
2019,극장판 공룡메카드: 타이니소어의 섬,6.5
2019,트리플 프런티어,6.5
2019,거대한 해킹,7
2019,IO,4.8
2019,킹덤,6.7
2019,해피 해피 레스토랑,5.9
2019,내안의 그놈,6.9
2019,6 언더그라운드,6.1
2019,비밀의 정원,5.6
2019,프린스 오브 레전드,5.6
2019,돈,6.1
2019,드래곤 퀘스트: 유어 스토리,6.5
2019,애프터 웨딩 인 뉴욕,6.3
2019,고양이와 할아버지,6.4
2019,클라우스,8.2
2019,아이 씨 유,6.8
2019,비바리움,5.9
2019,극한직업,7
2019,엑시트,7
2019,청춘 돼지는 꿈꾸는 소녀의 꿈을 꾸지 않는다,8.2
2019,쥬만지: 넥스트 레벨,6.7
2019,더 플랫폼,7
2019,코드 8,6.1
2019,로켓맨,7.3
2019,원스 어폰 어 타임 인… 할리우드,7.6
2019,언컷 젬스,7.4
2019,1917,8.2
2019,타오르는 여인의 초상,8.1
2019,존 윅 3: 파라벨룸,7.4
2019,미드소마,7.1
2019,악인전,6.9
2019,날씨의 아이,7.5
2019,제미니 맨,5.7
2019,나이브스 아웃,7.9
2019,아이리시맨,7.8
2019,벌새,7.4
2019,크롤,6.1
2019,레이트 나이트,6.5
2019,레이니 데이 인 뉴욕,6.5
2019,일라이,5.8
2019,두 교황,7.6
2019,신데렐라의 크리스마스,5.3
2019,오버커머,6.6
2019,오픈 더 도어,4.7
2019,더 킹: 헨리 5세,7.3
2019,맨 인 블랙: 인터내셔널,5.6
2019,러브 앳,6.9
2019,어쩌다 로맨스,5.9
2019,결혼 이야기,7.9
2019,유랑지구,5.9
2019,앵그리 버드 2: 독수리 왕국의 침공,6.4
2019,밤쉘: 세상을 바꾼 폭탄선언,6.8
2019,프랙처드,6.4
2019,"GEN HOSHINO STADIUM TOUR ""POP VIRUS""",7.1
2019,북스마트,7.1
2019,페어웰,7.5
2019,애프터,5.3
2019,왓 맨 원트,5.4
2019,고고다이노 공룡탐험대 - 전설의 공룡을 찾아서,5.2
2019,아이리시맨을 말하다,6.3
2019,82년생 김지영,7.3
2019,매직 카펫 라이드: 도둑들의 도시,6
2019,두 번째 기회: 새로운 경쟁,4.8
2019,론리 아일랜드의 배시 브라더스: 그랬다던데?,5.8
2019,대인물,5.8
2019,더 웨이 홈,6.7
2019,내 이름은 돌러마이트,7.2
2019,유열의 음악앨범,7.1
2019,FYRE: 꿈의 축제에서 악몽의 사기극으로,7.2
2019,프린스 코기,4.9
2019,런 위드 더 헌티드,5.2
2019,너를 정리하는 법,7.2
2019,퍼펙트맨,7.4
2019,37세컨즈,7.4
2019,Sebastian Maniscalco: Stay Hungry,7.1
2019,항거: 유관순 이야기,6.7
2019,작은 정비공,6.3
2019,주선,5.8
2019,말모이,6.9
2019,섹스튜플리츠,4.5
2019,누가 총통을 쏘았나,5.5
2019,비트윈 투 펀스 - 투어 스페셜,6.1
2019,우리 사이 어쩌면,6.8
2019,Mike Epps: Only One Mike,4.8
2019,이스케이프 플랜 3,4.4
2019,크리스마스 인 아프리카,6.2
2019,링 위의 형제,5.2
2019,Invader ZIM: Enter the Florpus,7.4
2019,빌 버: 알고보면 종이호랑이,8.1
2019,존 멀레이니와 도시락 친구들,7.4
2019,상처의 해석,4.1
2019,벨벳 버즈소,5.7
2019,귀수동화,6.4
2019,포켓몬스터 극장판 - 뮤츠의 역습 EVOLUTION,5.7
2019,프록시마 프로젝트,6.3
2019,아니마,6.4
2019,적선인: 흑마살수,6.4
2019,악질경찰,6.4
2019,콜디스트 게임,6.2
2019,러브 송 포 라타샤,5.2
2019,톨 걸,5.2
2019,자전차왕 엄복동,5.7
2019,Adam Devine: Best Time of Our Lives,5.9
2019,더 베스트 오브 에너미즈,7.3
2019,퍼펙트 데이트,5.8
2019,브레이킹 배드 무비: 엘 카미노로 가는 길 - 메이킹 필름,7.1
2019,"힘을 내요, 미스터 리",6.9
2019,사자,6.3
2019,주디,6.8
2019,상해보루,4.4
2019,뜻밖의 침입자,5.5
2019,문신을 한 신부님,7.7
2019,세상을 바꾸는 여성들,7.4
2019,모술,7.1
2019,패들턴,7.1
2019,내 몸이 사라졌다,7.5
2019,엽문 4: 더 파이널,7
2019,애틀랜틱스,6.7
2019,문 섀도우,6.2
2019,윤희에게,6.9
2019,폴라,6.3
2019,스터질 심프슨의 사운드 & 퓨어리,6.8
2019,숀더쉽 더 무비: 꼬마 외계인 룰라!,6.8
2019,어쩌다 아스널,6.2
2019,와인 컨트리,5.5
2019,크리스마스에 기사가 올까요?,5.6
2019,2 Weeks in Lagos,6.1
2019,창간호,6.9
2019,더 게임 체인저스,7.8
2019,세버그,6
2019,황비홍 - 전설의 묵룡도를 찾아서,5.4
2019,열일곱,7.2
2019,기방도령,6.2
2019,나랏말싸미,5.7
2019,언니,5.7
2019,봉오동 전투,6.3
2019,분노,6.3
2019,환상의 버섯,7.4
2019,희망을 얼리다: 환생을 향하여,7.6
2019,라스트 썸머,7.6
2019,내가 누구인지 말해주오,7.6
2019,루키스,4
2019,레드 씨 다이빙 리조트,6.6
2019,로망,6.7
2019,높은 풀 속에서,5.5
2019,하이웨이맨,6.9
2019,시크릿 세탁소,6.3
2019,사다코,4.3
2019,돌아온 래프인: 올스타 스페셜,5.2
2019,데이브 샤펠: 뼈 때리는 이야기,8.3
2019,Nothing to Lose 2,3.2
2020,찬실이는 복도 많지,6.6
2020,프로젝트 파워,6
2020,시크릿 더 무비 - 간절히 꿈꾸면,6.5
2020,알고리즘의 편견,6.8
2020,홀리데이트,6.1
2020,나는 어떻게 슈퍼히어로가 되었는가,5.8
2020,징글 쟁글: 저니의 크리스마스,6.5
2020,그 숲에선 누구도 잠들 수 없다,4.9
2020,검객,6.8
2020,크리스마스 스위치 - 한 번 더 바꿔?,6.8
2020,루나를 위한 기도,6.8
2020,밥정,6.2
2020,사라진 시간,5.9
2020,윌러비 가족,6.4
2020,러브버드,6.1
2020,셰이프 오브 뮤직: 알렉상드르 데스플라,6.1
2020,특명:스피드레스큐,6.1
2020,그들만의 사랑: 테리와 팻의 65년,7.8
2020,사탄의 베이비시터: 킬러 퀸,5.8
2020,우리는 영원히 어리지 않다,7.6
2020,죽은 자들의 골짜기,6.5
2020,에미시다: 아마렐루 - 어제의 노래,8.5
2020,내 사랑 싸가지: 태국판,8.5
2020,로즈 아일랜드 공화국,7
2020,호스 걸,8.5
2020,사라진 소녀들,6.2
2020,미스 아메리카나,7.4
2020,재키의 링,6.2
2020,오늘부터 히어로,4.7
2020,불불,6.5
2020,"눈부신 세상 끝에서, 너와 나",6.5
2020,대지에 입맞춤을,8.2
2020,바비의 프린세스 어드벤처,5.5
2020,컴 애즈 유 아,7
2020,오버 더 문,6.3
2020,크립 캠프: 장애는 없다,7.7
2020,세라 쿠퍼: 아주 좋아!,5.5
2020,칙 파이트,4.8
2020,레베카,6
2020,강철비2: 정상회담,6.2
2020,"불사조, 비상하다",8.1
2020,#아이엠히어,6
2020,One Day We'll Talk About Today,7.3
2020,퍼퓸 이매지너리 뮤지엄 ”타임 워프”,6.4
2020,펠릭스 로브레히트: 성공의 맛,5.8
2020,The Midnight Sky,5.7
2020,"자유, 평등, 블랙!",6.4
2020,낯설고 먼,6.4
2020,Kizoku Kourin: Prince of Legend,6.6
2020,딕 존슨이 죽었습니다,7.4
2020,해치지않아,6.1
2020,Christmas Time Is Here,5.4
2020,딥워터,6.2
2020,라 테르,5.5
2020,출동! 드래곤 구조대 - 송윙 드래곤의 비밀,5.1
2020,살인에서 석방까지: 신토이아 브라운,6.4
2020,나는 고발한다,6.1
2020,마크 매런: 빌어먹을 종말 따위,6.8
2020,추억의 검정고무신,6.8
2020,요가학원: 죽음의 쿤달리니,4.7
2020,킬러 와이프,4.1
2020,너에게만 슈퍼히어로,5.4
2020,짐 제프리스: 나는 못 참아,7.2
2020,성혜의 나라,5.5
2020,빤스맨과 메가 카리스마스,5.3
2020,고양이 집사,4.7
2020,케빈 하트: 그러거나 말거나,6.1
2020,클래스메이트 마이너스,7.1
2020,LA 오리지널,7.2
2020,아미나,5.7
2020,스피드 큐브의 천재들,5
2020,내 친구 청소차의 크리스마스,5.6
2020,피어리스,5
2020,빤스맨과 네 맘대로 극장,6.4
2020,초미의 관심사,6.3
2020,사랑은 비처럼,4.7
2020,"롭 슈나이더: 아시안 마마, 멕시칸 키즈",5.5
2020,존의 컨택트,5.7
2020,벤 플랫: 라디오 시티 뮤직홀 라이브,5
2020,얼터드 카본: 리슬리브,6.4
2020,제폭: 범죄와의 전쟁,6.9
2020,"마리셀라 에스코베도, 세 번의 죽음",8.2
2020,Kambili: The Whole 30 Yards,6.5
2020,내가 사랑했던 모든 남자들에게: P.S. 여전히 널 사랑해,6
2020,비탄의 정글,5.6
2020,오케이 마담,6.6
2020,지금부터 싱글,4.6
2020,디바,5.4
2020,슈퍼노바,6.9
2020,맨슨 패밀리,2.6
2020,해변의 에트랑제,7.1
2020,헤이즐 브루거: 트로피컬,6.3
2020,보이스,3.9
2020,여귀교,3.9
2020,국제수사,5.4
2020,스푸키즈 극장판 : 비밀과외,5.4
2020,미스터 주: 사라진 VIP,5.6
2020,테슬라,5.1
2020,도어맨,4.6
2020,미스터 보스,4.6
2020,보이즈 인 더 밴드: 우리만의 이야기,7.2
2020,트루: 무지개 구조대,6.8
2020,네카: 더 프리티 서펀트,4
2020,Spenser Confidential,6.2
2020,인투 더 딥: 어느 발명가의 살인,6.5
2020,혹시 내게 무슨 일이 생기면,6.5
2020,뱅가드,4.7
2020,신기한 스쿨 버스 2: 프리즐 선생님이 셋?,4.7
2020,오늘도 크리스마스,6.7
2020,침입자,6.1
2020,더 스웜,5.3
2020,울고 싶은 나는 고양이 가면을 쓴다,6.7
2020,큐티스,3.6
2020,낙원의 밤,6.8
2020,루도 - 인생 게임,7.6
2020,정도,6.1
2020,Love the Way U Lie,5.7
2020,Pokémon the Movie: Secrets of the Jungle,6.4
2020,"그대, 고맙소: 김호중 생애 첫 팬미팅 무비",6.9
2020,슈퍼 몬스터: 몬스터들의 날,6.9
2020,음양사: 청아집,6.4
2020,이지와 오시,6.4
2020,범털,7.6
2020,The Lockdown Plan,6.5
2020,키싱 부스 2,5.7
2020,미드나잇 앳 매그놀리아,5.8
2020,마더,6.8
2020,위쳐의 탄생: 메이킹,6.8
2020,우리의 목소리가 울려 퍼지면,6.9
2020,돌리 파튼의 크리스마스 온 더 스퀘어,5.2
2020,사라진 탄환,6.3
2020,자기 앞의 생,6.8
2020,아메리칸 머더: 이웃집 살인 사건,7.2
2020,트립 투 그리스,6.5
2020,크리스마스 연대기: 두 번째 이야기,6
2020,소리도 없이,6.4
2020,와스프 네트워크,5.9
2020,"아버지, 군인, 아들",7.3
2020,클로젯,5.7
2020,Christmas Wedding Planner,4.4
2020,고독의 맛,7.2
2020,폰조,4.7
2020,레슬리 존스: 타임머신,4.7
2020,어둠을 보았다,5.5
2020,뛰뛰빵빵! 코리의 여름 캠프,5.5
2020,말리부 주니어 구조대: 넥스트 웨이브,4.9
2020,라스트 데이스 오브 아메리칸 크라임,3.8
2020,인퍼머스,4.3
2020,샘 제이: 새벽 3시의 수다,6.5
2020,세르지우,6.2
2020,보이즈 인 더 밴드,6.8
2020,마술의 신: 엉망진창 크리스마스,3.2
2020,도굴,6.2
2020,고스트 오브 워,5.6
2020,할아버지의 캔버스,6.4
2020,와인을 딸 시간,6.4
2020,꽉 막힌 여자: 돈돈돈,5.7
2020,신해석 삼국지,6.4
2020,휴비의 핼러윈,5.2
2020,그렇게 난 갱스터가 되었다,6.9
2020,나의 집으로,6.4
2020,뛰뛰빵빵! 코리의 핼러윈,6.4
2020,워 위드 그랜파,5.6
2020,워크 잇,6.2
2020,도라에몽: 스탠바이미 2,7.5
2020,당신의 눈을 속이다: 세기의 미술품 위조 사건,7
2020,언브레이커블 키미슈미트 - 키미 대 교주,6.9
2020,사냥의 시간,6.3
2020,마이 미씽 발렌타인,7.2
2020,George Lopez: We'll Do It for Half,5.7
2020,고! 고카트,5.9
2020,스폰지밥 무비: 핑핑이 구출 대작전,5.9
2020,실버 스케이트,7.1
2020,"마 레이니, 그녀가 블루스: 못다 한 이야기",6.9
2020,Thomas & Friends: Marvelous Machinery,5.5
2020,더 메이드,5.5
2020,담보,7.6
2020,"시, 나리오",7.6
2020,베이비시터를 위한 몬스터 사냥 가이드,5.4
2020,The Prom,5.9
2020,Da 5 블러드,6.5
2020,내털리 팰러미디스: 상남자 네이트,6.6
2020,"Love Me, Love Me Not",6.7
2020,뛰뛰빵빵! 코리의 모험: 크리시 댄스,5.2
2020,목소리들,6
2020,"가버려라, 2020년",5.2
2020,슈퍼 몬스터: 새 친구를 부탁해,5.2
2020,마스카의 맛,5.9
2020,포춘 핌스터: 인생은 단짠단짠,6.9
2020,런던 휴스: 남자 사냥꾼,4.8
2020,데스페라도스,5.2
2020,Kenny Sebastian: The Most Interesting Person in the Room,6
2020,사카라 무덤의 비밀,7.2
2020,엘리스,4.3
2020,히어로는 없다,6.1
2020,커피 & 카림,5.2
2020,위험한 만남,4.6
2020,뛰뛰빵빵! 코리의 크리스마스,5.9
2020,Michelle Buteau: Welcome to Buteaupia,7
2020,네 마음에 새겨진 이름,7.3
2020,살육 호텔,5.2
2020,와일드 마운틴 타임,5.7
2020,나는 여기에 없다,7.3
2020,라라와 크리스마스 요정,5.9
2020,범죄해결 특수반,5.9
2020,종이의 집: 신드롬이 된 드라마,7.5
2020,테일러 톰린슨: 반半중년의 위기,7.4
2020,리치 인 러브,6
2020,카난 길: 미래의 나에게,7.1
2020,버트 크라이셔: 헤이 빅 보이,7
2020,더 링크,4.8
2020,"내 어깨 위 고양이, 밥 2",4.8
2020,헤이터,5
2020,미셸 오바마의 비커밍,7
2020,파라메딕 앙헬,5.7
2020,슬립오버,5.7
2020,제리 사인펠드 - 23시간 죽이기,6.7
2020,"러브, 개런티드",5.6
2020,카르멘 산디에고 - 훔치느냐 마느냐,5.6
2020,해나 개즈비: 나의 더글러스,5.8
2020,죽지않는 인간들의 밤,5.6
2020,메넨데스: 구마의 기록,5
2020,나마스테 와할라,5
2020,스카이 투어 - 더 무비,5.9
2020,리초네의 태양 아래,5.6
2020,밤은 혼자다,7.3
2020,크리스마스에 날아갑니다,5.8
2020,내 친구들은 모두 죽었다,5.8
2020,인헤리턴스,5.6
2020,원 세컨드,7.1
2020,Reframe THEATER EXPERIENCE with you,6.8
2020,에놀라 홈즈,6.6
2020,건즈 아킴보,6.3
2020,Extraction,6.8
2020,마지막 게임,4.3
2020,믿을 수 없는,5
2020,유죄,5.6
2020,짐승의 시간,5.2
2020,크리스마스엔 죽인다,4.8
2020,어부의 딸,6.5
2020,"우리, 함께",5.4
2020,AK 대 AK,6.9
2020,바다 탐험대 옥토넛 극장판: 해저동굴 대탈출,6.3
2020,폴 프롬 그레이스,5.9
2020,실: 인연의 시작,5.9
2020,가족의 죄,6.7
2020,데이브 샤펠의 날: 마크 트웨인 유머상 수상 기념 스페셜,7.5
2020,Michael McIntyre: Showman,7.2
2020,아이를 부탁해,5.8
2020,Pete Davidson: Alive from New York,6.1
2020,고스트 스토리,6.1
2020,젊은이의 양지,7
2020,라이징 하이,6
2020,댄스 오브 41,6.8
2020,매지컬: 공주를 웃겨라,6.8
2020,배드 헤어,5.6
2020,이런 짐승!,6.4
2020,우리는 울트라스,6.2
2020,팬 걸,6.6
2020,스탠드업 베스트 2020,5.5
2020,더 매치,5.2
2020,히트맨,6.4
2020,담쟁이,7.5
2020,데이비드 애튼버러: 우리의 지구를 위하여,8.9
2020,나이스 걸 라이크 유,5.1
2020,위 아 40,7.2
2020,마리 퀴리,6.3
2020,뉴스 오브 더 월드,6.8
2020,그녀의 조각들,7
2020,69세,6.7
2020,올드 가드,6.7
2020,가질 수 없는,5.9
2020,죽어도 안 죽는 여자,3.7
2020,트라이얼 오브 더 시카고 7,7.7
2020,반쪽의 이야기,6.9
2020,소셜 딜레마,7.6
2020,비트를 느껴봐,6.3
2020,워터맨을 찾아서,5.5
2020,461개의 도시락,6.7
2020,유로비전 송 콘테스트: 파이어 사가 스토리,6.5
2020,너에게 가는 길,5.7
2020,#살아있다,6.3
2020,Mank,6.8
2020,콜,7.1
2020,프릭스: 원 오브 어스,5.4
2020,러브 앤 몬스터스,6.9
2020,"The Godfather, Coda: The Death of Michael Corleone",6.9
2020,힐빌리의 노래,6.7
2020,결백,6.5
2020,어니스트 씨프,6
2020,위험한 거짓말들,5.3
2020,365 Days,3.3
2020,극장판 귀멸의 칼날: 무한열차편,8.2
2020,지푸라기라도 잡고 싶은 짐승들,7
2020,애프터: 그 후,5
2020,다만 악에서 구하소서,6.8
2020,리스타트,6.8
2020,이장,6.6
2020,Sanitation Day,3.7
2020,이정표,6.6
2020,런,6.7
2020,팜 스프링스,7.4
2020,제인의 썸머,7.8
2020,젠틀맨,7.8
2020,남산의 부장들,6.9
2020,그린랜드,6.4
2020,극장판 바이올렛 에버가든,8.3
2020,삼진그룹 영어토익반,6.6
2020,어나더 라운드,7.7
2020,나의 문어 선생님,8.1
2020,이제 그만 끝낼까 해,6.6
2020,돌멩이,5.4
2020,디스클로저,8.2
2020,악마는 사라지지 않는다,7.1
2020,그 남자의 집,6.5
2020,스카이 하이,5.6
2020,오늘부터 로그아웃,5.1
2020,바다 탐험대 옥토넛 극장판: 대산호초 보호작전,6.8
2020,안드레와 올리브 나무,6.6
2020,아미트 탄돈: 탄탄하고 돈독한 가족,7.1
2020,슈퍼 몬스터: 산타의 도우미,4.5
2020,Four Sisters Before the Wedding,6.1
2020,얼터 미,5.3
2020,별빛 히어로 스타빔: 핼러윈을 구하라!,5.3
2020,트루: 친구가 되어줄게,6.6
2020,아폰수 파질랴: 가난은 디테일,6.8
2020,마우리시우 메이렐리스: 혼돈의 카오스,6.8
2020,검은 우물,3.6
2020,PNL 투어: 전설 속으로,7.2
2020,시리어스 맨,6.8
2020,이것은 게임이 아니다,7
2020,토르바즈,5.1
2020,댄스 드림: 핫 초콜릿 호두까기 인형,7.1
2020,톰 세구라: 탐스런 두 볼,7.3
2020,트루: 워즐 달걀의 날,7.3
2020,공중돌기 너머 2,4.7
2020,너에게 가는 열차,5.6
2020,빅플로 앤 올리: 힙합에 미치다,6.7
2020,오 마이 파더!,6.7
2020,용루각: 비정도시,6.2
2020,RattleSnake: The Ahanna Story,5
2020,벨벳 컬렉션: 그랜드 피날레,7.2
2020,클로디아 키시 클럽,6.6
2020,치아구 벤투라: 무개념에 대처하는 법,6.6
2020,아넬카: 문제적 저니맨,6.4
2020,사랑을 하려면,6.2
2020,아들에게,6.5
2020,"예스, 발레!",7.5
2020,"안녕, 전학생",5.8
2020,숀 멘데스: 라이브 인 콘서트,7.2
2020,지구의 밤: 어둠 속의 카메라,7.6
2020,호구 남친 클리닉,4.1
2020,"The Witcher Bestiary Season 1, Part 2",4.1
2020,매직 마스크 레슬러,4.8
2020,올 데이 앤 어 나이트,6
2020,싱린의원,3.2
2020,스펠링 챔피언을 향하여,6.9
2020,경찰과 도둑,6.9
2020,아그네스를 찾아서,5.1
2020,Making Unorthodox,5.1
2020,알렉스 페르난데스: 세계 최고의 코미디언,6.3
2020,GIMS: 온 더 레코드,6.9
2020,The Magic School Bus Rides Again: Kids in Space,6.3
2020,어질라 칼슨: 루저를 리스펙트!,6.3
2020,라바 아일랜드 무비,5.1
2020,출동! 드래곤 구조대: 황금드래곤 사냥,5.1
2020,우리 결혼할까요?,5.7
2020,기도하는 남자,7.1
2020,타이거테일,6.6
2020,잭 화이트홀: 농담인데요,6.6
2020,"노 키즈, 플리즈",5.2
2020,히코의 신비한 모험,5.2
2020,무초 무초 아모르: 왈테르 메르카도의 전설,7.3
2020,서바이벌 캠프,6
2020,몬스터 런,5.1
2020,Eric Andre: Legalize Everything,6.2
2020,수업시대,7.1
2020,로마로 가는 길,7.6
2020,군잔 삭세나: 더 카르길 걸,5.5
2020,비르 다스의 방구석 코미디: 락다운 스페셜,6.4
2020,러브 웨딩 리피트,5.6
2020,숀 멘데스 스토리,6.5
2020,유턴: 필리핀판,4.5
2020,클래스 오브 83,5.8
2020,"아리아나 그란데: 익스큐즈 미, 아이 러브 유",6.4
2020,엔터 더 팻 드래곤,5.7
2020,산타나,3.9
2020,넌 실수였어,5.7
2020,발명왕 봉봉이와 메리 블런더베리 데이,6.2
2020,블랙핑크: 세상을 밝혀라,7.3
2020,솔 레반테,7.3
2020,캘리포니아 크리스마스,5.8
2020,보스 베이비: 우리 아기를 찾아라!,5.8
2020,인투 더 비트,5.3
2020,크리스 델리아: 고생이 뭔가요,5.9
2020,후쿠오카,6.6
2020,콘크리트 카우보이,6.3
2020,어리고 아리고 여려서,6.1
2020,Jo Koy: In His Elements,5.4
2020,비르 다스: 인도로 인도할게,7.7
2020,Youth v Gov,7.1
2020,아리 엘드야우르든: 아이슬란드 출신이라,7.1
2020,라스트 레터,6.9
2020,내일도 우린 사랑하고 있을까,6.9
2020,애비규환,6
2020,해브 어 굿 트립: 기묘한 모험,6.8
2020,자유의 스피릿 질주: 승마교육,6
2020,톰 파파: 중박 라이프,7.2
2020,Ma Rainey's Black Bottom: A Legacy Brought to Screen,7.2
2020,De Familie Claus,5.6
2020,아빠를 찾습니다,5.8
2020,뱀파이어 vs 브롱크스,5.7
2020,이웃사촌,5.7
2020,록스타처럼!,6.5
2020,열여덟 번의 선물,6.9
2020,디 올드 웨이즈,5.4
2020,크레이지 티처,6.2
2020,브레이브 블루 월드: 물의 위기를 해결하라,6.7
2020,더 레이싱: 불타는 서킷,5.2
2020,노래는 너의 것,5.5
2020,안젤라의 크리스마스 소원,7.1
2020,The Rope Curse 2,4.8
2021,인피니트,5.5
2021,더 하더 데이 폴,6.6
2021,Just in Time,7.2
2021,언포기버블,7.1
2021,할리우드 클리셰의 모든 것,7.1
2021,미니멀리즘: 오늘도 비우는 사람들,5.9
2021,아웃사이드 더 와이어,5.4
2021,해길랍,6.6
2021,레드 노티스,6.3
2021,퍼펙트 케어,6.4
2021,퍼피 구조대 더 무비,6.1
2021,스파이럴,5.2
2021,연애 빠진 로맨스,6.5
2021,코다,8
2021,미나리,7.4
2021,강릉,5.7
2021,Face Off: 48H,6.4
2021,더 디그,7.1
2021,화이트 타이거,7.1
2021,돈 룩 업,7.2
2021,보이저스,5.4
2021,극장판 주술회전 0,7.8
2021,보 번햄: 못 나가서 만든 쇼,8.7
2021,블러드 레드 스카이,6.1
2021,파워 오브 도그,6.8
2021,캐시트럭,7.1
2021,방법: 재차의,6
2021,바이올렛 에버가든 총집편,7.3
2021,세자매,6.6
2021,트롤헌터: 라이즈 오브 타이탄,6.6
2021,Haroun,6.4
2021,사르다르의 손자,4.2
2021,천국의 남쪽,5.8
2021,코드 카림,5.6
2021,Making The Billion Dollar Code,5.6
2021,마더링 선데이,6
2021,라스트 파라디소,5.7
2021,치프 대디 2: 전부를 걸어라,3.3
2021,교환학생 다이어리,5.4
2021,히즈 올 댓,4.4
2021,바람의 검심 최종장: 더 비기닝,7.4
2021,컬러 오브 러브,5.7
2021,아이,5.7
2021,자산어보,7.4
2021,O2,6.5
2021,킬러의 보디가드 2,6.1
2021,나이트북: 밤의 이야기꾼,5.8
2021,"틱, 틱... 붐!",7.5
2021,클리포드 더 빅 레드 독,5.9
2021,기적,7.3
2021,승리호,6.5
2021,La vocera,7.2
2021,스틸워터,6.6
2021,Wang-gug: Bugjjog-ui Asin,7
2021,랑종,6.5
2021,웨이 다운,6.4
2021,미첼 가족과 기계 전쟁,7.6
2021,혼자 사는 사람들,6.8
2021,클래식 호러 스토리,6.6
2021,피버 드림,5.4
2021,SAS: Red Notice,5.2
2021,New Gods: Nezha Reborn,6.8
2021,극장판 마이 리틀 포니: 새로운 희망,6.8
2021,아미 오브 더 데드: 도둑들,6.4
2021,케이트,6.2
2021,아야와 마녀,4.8
2021,딜리셔스: 프렌치 레스토랑의 시작,7
2021,씨스피라시,8.1
2021,차인표,4.4
2021,야쿠자와 가족,7
2021,스네이크 아이즈: 지.아이.조,5.4
2021,이 안에 외계인이 있다,6.9
2021,아움!,7.2
2021,허드 앤 씬,5.3
2021,W 살인사건,5.5
2021,우먼 인 윈도,5.7
2021,원샷,5.6
2021,더 길티,6.3
2021,Chhota Bheem Neeli Pahaadi,8.4
2021,타다: 대한민국 스타트업의 초상,7.1
2021,다비트와 엘프의 크리스마스,5.2
2021,모가디슈,7
2021,폭격,7.3
2021,믹스테이프,6.6
2021,마더/안드로이드,4.9
2021,더 라스트 레터,6.7
2021,민날 무랄리,8.1
2021,캅샵: 미친놈들의 전쟁,6.2
2021,애프터: 관계의 함정,4.7
2021,미션 파서블,6.5
2021,스토어웨이,5.6
2021,스펜서,6.6
2021,킬링 카인드: 킬러의 수제자,6.1
2021,장르만 로맨스,6.2
2021,아버지는 산을 움직인다,5.5
2021,크리스마스로 불리는 소년,6.7
2021,비보의 살아있는 모험,6.7
2021,더 듀크,6.9
2021,The Witcher: Nightmare of the Wolf,7.2
2021,척살소설가,6.3
2021,신들의 봉우리,7.5
2021,몬스터 헌터: 길드의 전설,7.5
2021,반딧불이를 본 적이 있나요?,6.2
2021,아노니마,5.8
2021,위시 드래곤,7.2
2021,유체이탈자,6.2
2021,썬더 포스,4.5
2021,여고괴담 여섯번째 이야기: 모교,4.5
2021,릴리와 찌르레기,6.4
2021,아미 오브 더 데드,5.8
2021,Fear Street: Part One - 1994,6.2
2021,앙젤,7
2021,조 벨,6.2
2021,내가 못 한 그 연애: 감독판,5.7
2021,퍼펙트 핏,5.4
2021,수리아반시,6.1
2021,스프링 송,5.8
2021,Phil Wang: Philly Philly Wang Wang,6.1
2021,스페인 어게인,5.2
2021,노 맨 오브 갓,6.4
2021,Michael Che: Shame the Devil,6.5
2021,14좌 정복: 불가능은 없다,7.7
2021,예스 데이!,5.7
2021,장고 & 장고,6.9
2021,A Kindhearted Christmas,6.2
2021,로그 인 벨지움,7.7
2021,베나지르를 위한 세 개의 노래,7.7
2021,크리스마스로부터 1000km,5.8
2021,데드락: 라스트 리벤지,3.6
2021,더 스트롱홀드,6.9
2021,메이저 그롬: 플레이그 닥터,6.3
2021,스케이터 걸,6.6
2021,신의 손,7.4
2021,기동전사 건담: 섬광의 하사웨이,6.6
2021,백사2: 청사의 시련,6.8
2021,멸종은 싫어!,5.5
2021,마법 관리국과 비밀 요원들,6.2
2021,미국 소녀,7.1
2021,소설가 구보의 하루,7.1
2021,Chhota Bheem Master of Shaolin,6.5
2021,슈퍼 미,5.8
2021,아무도 살아서 나갈 수 없다,5.4
2021,레커닝,7.7
2021,감당 불가 크리스마스,4.5
2021,부서져 흩어지는 모습을 보여줄게,6.7
2021,말하지 못한 이야기: 죄와 벌 그리고 하키,7.4
2021,여름으로 가는 문 -네가 있는 미래로-,6.4
2021,팬텀 - 또 다른 카를로스,6.5
2021,Carlos Ballarta: falso profeta,6.7
2021,트레세: 애프터 다크,5.6
2021,수호 인형,5.6
2021,폴 위의 그녀들,5.5
2021,파러웨이 랜드,5.1
2021,나츠메 우인장: 이시오코시와 수상한 방문자,7.2
2021,스트레스 제로,5.6
2021,The Circle: The Afterparty,5.6
2021,앤젤리나의 여행,6
2021,먼데이,5.7
2021,츠네타 다이키 혼돈 도쿄,7.4
2021,Angel Falls Christmas,5
2021,피어 스트리트 파트 3: 1666,5
2021,7명의 여인들과 1건의 살인,5.4
2021,피어 스트리트 파트 2: 1978,6.7
2021,나를 사로잡은 그대,6.9
2021,더 라스트 머시너리,5.3
2021,다시 찾은 우리,5.3
2021,블랙홀: 사건의 지평선에서,6.6
2021,바람아 안개를 걷어가다오,6.8
2021,습도 다소 높음,5.8
2021,그리고 내일은 온 세상이,6
2021,마마적신기소자,6.7
2021,리버댄스: 애니메이션 어드벤처,5.5
2021,우먼 앤 머더러,6.4
2021,어른들은 몰라요,5.9
2021,브라이언 리건: 온 더 록스,6.9
2021,컨버전스: 위기 속의 용기,6
2021,아빠가 되는 중,6.6
2021,룰리,4.8
2021,로베르토 바조: 말총머리의 판타지스타,6.1
2021,퍼프: 산호초의 경이로움,7.1
2021,스위트 걸,5.5
2021,"나의 영웅, 카우보이",6.2
2021,애프터매스,5.3
2021,캘리포니아 크리스마스: 도시의 불빛,5.5
2021,Mommy Issues,5.4
2021,딥: 잠들면 죽는다,4.9
2021,클라우스 패밀리 2,5.5
2021,로또 쉐어,5.5
2021,알로하! 오하나를 찾아서,5.5
2021,7명의 포로,7.1
2021,"너, 그, 그녀 그리고 우리",5.3
2021,크리스마스 캐슬,5.5
2021,우리 함께 아웃백으로!,6.5
2021,펠레,7
2021,퍼펙트 스틸,4.9
2021,A StoryBots Space Adventure,4.9
2021,그 여자와 그 남자,5.1
2021,시신령: 음양사,6
2021,완벽한 가족이 되는 법,6.4
2021,용루각 2: 신들의 밤,6.1
2021,아-하: 테이크 온 미,7
2021,낫아웃,6.2
2021,더 홀 트루스,5.2
2021,침입자,5.3
2021,크루아상,5.3
2021,트립,6.9
2021,A Christmas Miracle for Daisy,6
2021,네 집에 누군가 있다,4.9
2021,잠든 여인,5.3
2021,Chhota Bheem: The Rise of Kirmada,7.4
2021,래비드 스페셜: 엽기토끼의 화성 미션,7.8
2021,아들의 이름으로,5.8
2021,완벽에서 살짝 모자란,5.4
2021,철없는 녀석들,6.1
2021,슈마허,7.4
2021,러브 앳 퍼스트 스트림,6.2
2021,말하지 못한 이야기: 경쟁에서 전쟁으로,7.5
2021,칸다사미 따라잡기: 가족 여행,5.2
2021,인생은 트리방가처럼,6.2
2021,약한 녀석들,4.4
2021,실라를 찾아서,4.3
2021,모 애머: 나는 텍사스의 모하메드다,6.7
2021,더 쉽먼트,3.5
2021,시큐리티,5
2021,월드 위드아웃,4
2021,빌로우제로,6.2
2021,바람의 검심 최종장: 더 파이널,7.2
2021,원 나이트 스탠드,7.2
2021,로이소 골라: 편견을 반납합니다,5.9
2021,섹스: 지퍼를 내려봐,3.2
2021,플랜 A 플랜 B,4.6
2021,가톨릭 스쿨,5.7
2021,못 말리는 어린양 숀 - 크리스마스 대모험,7.3
2021,야라,6.2
2021,새해전야,6.3
2021,패싱,6.7
2021,컬러 러쉬,6.7
2021,어웨이크,4.9
2021,싱글 올 더 웨이,6.2
2021,"바비: 빅 시티, 빅 드림스",5.8
2021,나이자 크리스마스,4.9
2021,Dad Stop Embarrassing Me - The Afterparty,4.9
2021,베킷,5.7
2021,Johnny Test's Ultimate Meatloaf Quest,6.5
2021,행복이여 영원하라,4.7
2021,미치도록 사랑해,6.6
2021,겉보기엔 멀쩡한 남자,5.6
2021,가타오 외전 - 최후의 방랑자,6
2021,크랙의 시대: 코카인에 물들다,6.7
2021,브라이트: 무사의 혼,5.5
2021,새콤달콤,6.6
2021,내 친구 샤크독: 파닥파닥 판타스틱 핼러윈,6.3
2021,Cem Yılmaz: Diamond Elite Platinum Plus,6.6
2021,고백,6.6
2021,파더 크리스마스 이즈 백,4.5
2021,알려지지 않은 이야기,5.5
2021,데이브 샤펠: 더 클로저,7.9
2021,레드 닷,5.5
2021,피터 태철: 세상이 미워한 남자,7.6
2021,상티넬,4.8
2021,십개월의 미래,7.1
2021,프레이 어웨이,6.5
2021,내가 그 소녀들이다,6
2021,작전명 바시티 블루스: 부정 입학 스캔들,6.9
2021,말하지 못한 이야기: 악마와의 거래,7.3
2021,내 친구 안네 프랑크,6.2
2021,니콜 바이어: 크고 아름다운 나,5.9
2021,뤼마니테 8번지,6.3
2021,Jimmy Carr: His Dark Material,7.1
2021,푸리오자,6.3
2021,러브 하드,6.3
2021,"가버려라, 2021년",6.3
2021,아무도 없는 곳,5.9
2021,맬컴과 마리,6.6
2021,LEGO Friends: Holiday Special,5.9
2021,키싱 부스 3,4.8
2021,꽃들의 집: 더 무비,5.6
2021,범털 2: 쩐의 전쟁,5.6
2021,여타짜,3.6
2021,데들리 일루전,3.6
2021,링컨의 집에서 살아남기: 더 무비,6.1
2021,사랑하는 기생충,6
2021,라이드 오어 다이,5.6
2021,Bling Empire - The Afterparty,5.6
2021,싱크홀,4.5
2021,준 & 코피: 나의 영원한 두 친구,6.3
2021,걸스 오브 막시,6.7
2021,블랙 아일랜드,5.2
2021,포에버 리치,5.6
2021,우리들의 여름날,6.3
2021,왕과 함께,5.8
2021,송가인 더 드라마,5.8
2021,Chris Rock Total Blackout: The Tamborine Extended Cut,7
2021,미샤와 늑대들,6.7
2021,우리는 노래처럼,5.4
2021,나이트 티스,5.7
2021,"힐다, 산속의 왕과 마주치다",7.7
2021,미씽: 사라진 딸,7.7
2021,러브 미 인스테드,7
2021,사이다처럼 말이 톡톡 솟아올라,7
2021,제8일의 밤,5.3
2021,우리는 모두 어른이 될 수 없었다,6.5
2021,내가 사랑했던 모든 남자들에게: 언제나 그리고 영원히,6.3
2021,마릴린의 눈은 검다,6.6
2021,알란 살다냐: 감옥이 좋아,6.6
2021,블록 아일랜드 사운드,5.4
2021,샘 스미스: 애비 로드 스튜디오 라이브,5.4
2021,"밥 로스: 행복한 사고, 배신과 탐욕",6.9
2021,블루 미라클,6.6
2021,스웻,6.6
2021,크리스마스 스위치: 로맨싱 스타,5.5
2021,사랑의 리조트,5.7
2021,악어소년 알로,6.4
2021,배드 트립,6.5
2021,Cobra Kai - The Afterparty,6.3
2021,Headspace Unwind you Mind,7.2
2021,그 숲에선 누구도 잠들 수 없다 2,3.8
2021,황무지의 괴물,4.6
2021,별빛 히어로 스타빔: 우당탕탕 새해맞이,5.3
2021,펭귄 블룸,6.8
2021,아사쿠사 키드,7.1
2021,비기: 할 말이 있어,6.8
2021,브리트니 VS 스피어스,6.4
2021,지즈와 앤,5.1
2021,샤이니_플레이크스: 나는 십 대에 마약왕이 됐다,7.3
2021,너와 나의 이름으로,6.9
2021,내일의 기억,6.7
2021,브레이킹 바운더리: 지구의 과학,7.7
2021,1999 런던 테러: 네일 보머의 진실,6.3
2021,네이트 바가치: 가장 보통의 미국인,7.3
2021,인질,7.3
2021,엑스트레모,5.8
2021,만년이 지나도 변하지 않는 게 있어,6.7
2021,LOL 서프라이즈: 더 무비,3.4
2021,트리 오브 피스,6.5
2021,저승까지 파티피플!,5.8
2021,아이들은 즐겁다,8.3
2021,내가 카를이다,5.5
2021,왜 나를 죽였지?,5.6
2021,파이프라인,6
2021,오디블: 우리만의 암호,5.3
2021,그 여름의 일주일,5.7
2021,The Upshaws - The Afterparty,3.8
2021,살인자의 기억: 데니스 닐슨 테이프,6.3
2021,존재감 없는 소녀의 고백,5.3
2021,피치 오브 타임,6.7
2021,욘욘+엘리사베트,5.4
2021,세상의 기원,5.8
2021,말하지 못한 이야기: 케이틀린 제너의 순간들,6.5
2021,Stuck Apart,6
2021,카니발,4.1
2021,갱스터라 불린 사나이,5.8
2021,고스트 랩,5.2
2021,언더테이커의 저주받은 저택,4.2
2021,킨,5.5
2021,다마카: 더 테러 라이브,7
2021,어 캅 무비,7
2021,블러드 브러더스: 맬컴 엑스 & 무하마드 알리,6.9
2021,몬스터,6.5
2021,돈 킬 미,4.3
2021,프라임 타임,5.2
2021,복사기,6.8
2021,2,6.8
2021,Bridgerton - The Afterparty,6.8
2021,염소를 잡아라,6.1
2021,페리,7
2021,페이트: 윙스의 전설 - 애프터파티,6.1
2021,퀸스 갬빗 비하인드 스토리,6.9
2021,돌리 파튼: 그녀를 위한 콘서트,6.6
2021,에미시다: 상파울루 라이브,7.9
2021,신이 있는 달의 아이,5.9
2021,Theo Von: Regular People,5.4
2021,다이애나: 더 뮤지컬,4.4
2021,지니 & 조지아 - 애프터파티,5.7
2021,폭포,5.7
2021,로빈 로빈,7.2
2021,이것은 코미디가 아니다,5.1
2021,발신제한,6.2
2021,더 포가튼 배틀,7.1
2021,구겨진 인생들,6.6
2021,슈퍼문,6.6
2021,말하지 못한 이야기: 브레이킹 포인트,7.6
2021,작전명 히아신스,6.8
2021,신데렐라 2: 마법에 걸린 왕자,4.2
2021,오직 그대와,5.9
2021,"세 자매, 달리다",6.1
2021,더블 파파,5.6
2021,원 나잇 인 파리,4.4
2021,프로세션: 치유의 행진,7.1
2021,아메리카: 영화 같은 이야기,5.6
2021,스퀘어드 러브,5.1
2021,당신과 자연의 대결: 사파리 대탈주,5.8
2021,영혼 사냥,6.6
2021,Jim Gaffigan: Comedy Monster,6.9
2021,걸 온 더 트레인,4.4
2021,리버 러너,6.9
2021,터닝 포인트,6.3
2021,해안의 살인,6.5
2021,게임 체인저,4.3
2021,아리사카,5.7
2021,Shadow and Bone - The Afterparty,5.7
2021,Chhota Bheem and The ShiNobi Secret,8
2021,호문쿨루스,5.5
2021,아너+ 더 무비,6.2
2021,바비와 첼시: 사라진 생일,4.7
2021,메스키나,5.6
2021,저스트 세이 예스,4.6
2021,아미나: 전사의 이름,4
2021,Thomas & Friends: Race for the Sodor Cup,3.8
2021,극장판 콩순이 장난감나라 대모험,4
2021,이상해도 괜찮아,6.9
2021,사기를 쳐라,5.3
2021,당신과 자연의 대결: 얼어붙은 기억,5.4
2021,마담 클로드,5.4
2021,나의 흑역사 로맨티카 2,5.6
2021,뮤지컬 말린체: 메이킹,4.8
2021,나의 집은 어디인가,7.1
2021,바르트코비아크,5.1
2021,겟어웨이 킹,6.5
2021,어 굿 맨,6
2021,137발의 총성,6.4
2021,댄싱 퀸스,5.7
2021,"마이 브라더, 마이 시스터",6
2021,사기의 제왕,6.3
2021,바다 탐험대 옥토넛 - 불의 고리 대폭발,6.5
2021,나의 별에게,6.5
2021,The Hand of God: Through the Eyes of Sorrentino,7
2021,위시유,6.4
2021,제삼자,6.7
2021,Lokillo: Nothing's the Same,4.7
2021,"그 여름, 파도가 일었다",5.8
2021,사서함 1142: 미국의 비밀 나치 수용소,6.3
2021,The Box,6.5
2021,일곱 개의 대죄: 빛에 저주받은 자들,6.3
2021,리틀 빅 마우스,4.1
2021,지구 최후의 아이들: 대재앙 생일 파티,6.5
2021,이즐라,3.7
2021,The Witcher Season One Recap: From the Beginning,7.6
2021,삼키고 삼키며,4
2021,내가 소피아 로렌이라면?,5.6
2021,얼떨결에 스타트업,4.1
2021,끝내주는 필리핀 형제들,6
2021,조나스 브라더스: 패밀리 디스전,5.2
2021,이수근의 눈치코치,4.3
2021,Will You Marry?,4.7
2021,The Characters of the Continent,6.3
2021,Carolin Kebekus: The Last Christmas Special,4.8
2021,너를 죽이고,4.8
2021,슈퍼 몬스터의 신비한 옛날이야기,5.6
2021,또 한 번의 여름,6.8
2021,마이 원더풀 라이프,5.9
2021,토니 파커: 마지막 슛,6.7
2021,Love or Money,6.2
2021,오텀 걸,5.5
2021,나의 아만다,5.8
2021,얼룩진 네트워크: 어느 저널리스트의 죽음,6.8
2021,우리 세 사람,5.9
2021,넌 거기에 난 여기에,5.9
2021,알리와 퀸스의 여왕들,7
2021,Chhota Bheem and the Broken Amulet,8.3
2022,펄,7
2022,The Invitation,5.3
2022,텍사스 전기톱 학살 2022,4.7
2022,Vengeance,6.8
2022,닌자거북이 에볼루션 - 더 무비,6.1
2022,바이올런트 나잇,6.7
2022,블랙폰,6.9
2022,티켓 투 파라다이스,6.1
2022,메간,6.4
2022,스크림,6.3
2022,불릿 트레인,7.3
2022,애프터썬,7.7
2022,수퍼 소닉 2,6.5
2022,리턴 투 서울,7
2022,할로윈 엔드,5
2022,놉,6.8
2022,노스맨,7
2022,더 웨일,7.7
2022,문폴,5.1
2022,쥬라기 월드: 도미니언,5.6
2022,피는 물보다 진하다,5.6
2022,공포의 파티,6.2
2022,귀를 기울이면,5.7
2022,몬스터 하이: 더 무비,5.1
2022,헌트,6.7
2022,가재가 노래하는 곳,7.2
2022,장화신은 고양이: 끝내주는 모험,7.8
2022,오토라는 남자,7.5
2022,문에이지 데이드림,7.7
2022,휘트니 휴스턴: 댄스 위드 섬바디,6.6
2022,클라우스 패밀리 3,4.8
2022,블래스티드: 친구들 vs 외계인,4.8
2022,아니쿨라포,6.3
2022,극장판 엄마 까투리: 도시로 간 까투리 가족,6.3
2022,퍼펙트 페어링,6.1
2022,패밀리 캠프,4.9
2022,이랙스,4.9
2022,더 스위머스,7.4
2022,데이 시프트,6.1
2022,작전명: 국가를 웃게 하라,5.2
2022,TÁR 타르,7.4
2022,영웅,6.2
2022,LiVE is Smile Always ~Eve&Birth~,6.2
2022,Harley & Katya,7.3
2022,The Violence Action,4.7
2022,Heojil kyolshim,7.3
2022,She Said,7.3
2022,Watcher,6.3
2022,마르셀 더 셸 위드 슈즈 온,7.7
2022,더 우먼 킹,6.9
2022,기예르모 델토로의 피노키오,7.6
2022,다운튼 애비 2,7.4
2022,RRR: 라이즈 로어 리볼트,7.8
2022,Länge leve bonusfamiljen,5.2
2022,애덤 프로젝트,6.7
2022,브로커,7.1
2022,브로스,6.4
2022,외계+인 1부,6.2
2022,미시즈 해리스 파리에 가다,7.1
2022,그레이 맨,6.5
2022,페일 블루 아이,6.6
2022,나이브스 아웃: 글래스 어니언,7.1
2022,서부 전선 이상 없다,7.8
2022,로알드 달의 뮤지컬 마틸다,7
2022,해적: 도깨비 깃발,6.1
2022,블랙 크랩,5.7
2022,아테나,6.8
2022,"그 남자, 좋은 간호사",6.8
2022,화이트 노이즈,5.7
2022,나르비크,6.6
2022,인생은 아름다워,6.7
2022,트윈,5.1
2022,이상한 나라의 수학자,6.7
2022,더 하우스,6.8
2022,샷건 웨딩,5.4
2022,에놀라 홈즈 2,6.8
2022,디보션,6.6
2022,더 팬텀 오브 디 오픈,7
2022,늑대사냥,6.1
2022,Father Stu,6.5
2022,아주 평범한 사람들: 잊힌 홀로코스트,7.1
2022,"라일, 라일, 크로커다일",6.1
2022,허슬,7.3
2022,더 킬러: 죽어도 되는 아이,6.6
2022,Sam Morril: Same Time Tomorrow,7.4
2022,다음 소희,7.3
2022,신의 구부러진 선,7
2022,스루 마이 윈도,5.5
2022,우리 집에 유령이 산다,6.1
2022,비스트,5.6
2022,퍼플 하트,6.7
2022,콜 제인,6.4
2022,한산 리덕스,6.1
2022,잭애스 4.5,6.3
2022,클럭스 3,6.3
2022,데시벨,6.1
2022,Hikaru Utada Live Sessions from Air Studios,7
2022,미니언즈 2,6.5
2022,3000년의 기다림,6.7
2022,에밀리: 범죄의 유혹,6.7
2022,공조 2: 인터내셔날,6.6
2022,상견니,5.9
2022,공기살인,6.8
2022,씨 비스트,7
2022,압꾸정,5.5
2022,뷰티,4.2
2022,두 인생을 살아봐,6.3
2022,노엘 다이어리,6.1
2022,트롤의 습격,5.8
2022,맨 프롬 토론토,5.8
2022,폴링 포 크리스마스,5.2
2022,브이 포 벤전스,4
2022,해리건 씨의 전화기,6
2022,선과 악의 학교,5.9
2022,To Russia with Love,4.2
2022,미래전투,5.6
2022,헬 독스,6.7
2022,내가 그걸 시작한 이유,5.2
2022,"바르도, 약간의 진실을 섞은 거짓된 연대기",6.7
2022,크롤스페이스,4.7
2022,블론드,5.5
2022,경관의 피,6.1
2022,신체 찾기,5.1
2022,브리지 홀로우의 저주,5.6
2022,자카르타 vs 에브리바디,5.7
2022,Nothing Lasts Forever,7.1
2022,추락한 스타: 그는 무엇을 잘못했나,6.3
2022,더 버블,4.7
2022,슈퍼 키즈 액션 팩: 크리스마스를 지켜라!,4.7
2022,디텍티브 나이트: 가면의 밤,3.8
2022,거짓말 사냥꾼 바쿠,5.7
2022,다운폴: 더 보잉 케이스,5.7
2022,GodFather,5.2
2022,란비르와 자연의 대결: 베어 그릴스와 함께,6.9
2022,Labyu with an Accent,4.2
2022,루,6.1
2022,Dong Gam,6.7
2022,슬럼버랜드,6.7
2022,토고,5.3
2022,미니언즈 & 모어 1,6.5
2022,하트 샷,6.5
2022,앵커,5.5
2022,요한나 노르드스트룀:경찰 불러,3.8
2022,크리스마스 위드 유,5.6
2022,"""Sr.""",7.3
2022,Mathieu Dufour at Bell Centre,3.1
2022,음유시인 축제,3.1
2022,비자이의 비스트,5.2
2022,크리스마스 캐럴,6.2
2022,사랑의 포인트,5.5
2022,"므이 : 저주,돌아오다",4.7
2022,Mike Epps: Indiana Mike,4.4
2022,더 스트레인저,6.6
2022,조지 스톤의 드림라이프,6.6
2022,라숙,4.5
2022,아이 케임 바이,6.2
2022,미니언즈 & 모어 2,6.4
2022,인터셉터,4.7
2022,프라이스 오브 패밀리,5.9
2022,Kabuki Akadō Suzunosuke,5.6
2022,아테나 메이킹,5.6
2022,바람둥이 아빠와 나,5.6
2022,Broken Wings,5.6
2022,맨 오브 갓,4
2022,지배하는 여자,4.8
2022,헬홀,5.8
2022,어부바,7.5
2022,비포어 라이프 애프터 데스,7.5
2022,Bruna Louise: Demolition,4.9
2022,스터츠: 마음을 다스리는 마스터,7.8
2022,코린,4.9
2022,웬델 & 와일드,6.4
2022,탄저균의 습격,6.3
2022,스파이더헤드,5.5
2022,"오늘의 게스트, 데이비드 레터맨 쇼: 볼로디미르 젤렌스키",4.5
2022,다시 찾은 블루,4.5
2022,오프 트랙,6.2
2022,히트웨이브,5.1
2022,Scrooge: A Christmas Carol,6.2
2022,댄싱 온 글래스,5.6
2022,뮌헨: 전쟁의 문턱에서,6.8
2022,파나요티스 파스코: 올모스트,7.1
2022,스탠드업 베스트 2022,5.6
2022,"키스, 키스!",3.7
2022,사라진 탄환 2,6.3
2022,채털리 부인의 연인,6.6
2022,강철의 연금술사 완결편: 최후의 연성,5.4
2022,크리스마스를 농장에서,4.5
2022,엘머의 모험,6.5
2022,주식회사 러브의 아리니,4.6
2022,설득,5.8
2022,파이어스타터,4.6
2022,페즈 캔디 무법자,6.9
2022,첼시 핸들러: 레볼루션,6
2022,마이티 익스프레스: 두근두근 기차 경주,6.9
2022,사진 속의 소녀,7.2
2022,아기 코끼리와 노부부,7.2
2022,더 포토그래퍼: 호세 루이스 카베사스 살인사건,6.7
2022,카터,5.1
2022,일라이자 슐레싱거: 핫 포에버,6.6
2022,미즈 팻: 미친 이야기 하나 해줄까?,6
2022,Catherine Cohen: The Twist...? She's Gorgeous,5.6
2022,더 원더,6.6
2022,해브 어 굿 트립,6.5
2022,돈 리브,5.2
2022,마사 미첼 이펙트,6.5
2022,오마주,7.1
2022,러브 데스티니 - 더 무비,6.2
2022,오피스 인베이전,4.5
2022,365일: 오늘,2.6
2022,주얼: 시대를 초월한 사랑,3.7
2022,바이킹 울프,5.2
2022,돌핀보이,5.3
2022,인피니티: 무한의 세계로,7
2022,빅버그,5.5
2022,코발트 블루,6.5
2022,Patton Oswalt: We All Scream,5.9
2022,아말피의 태양 아래,5.3
2022,캣 버글러: 박물관을 털어라,6.9
2022,강구바이 가티아와디: 마피아 퀸,7.8
2022,말괄량이 길들이기,4.6
2022,강철의 연금술사 완결편: 복수자 스카,5.4
2022,실종,6.9
2022,아폴로 10 1/2: 스페이스 에이지 어드벤처,7.2
2022,엔터갤럭틱,7.5
2022,블랙아웃: 사라진 기억,7.5
2022,20세기 소녀,7.3
2022,미스터 말콤스 리스트,5.9
2022,럭키스트 걸 얼라이브,6.4
2022,두 리벤지,6.3
2022,아이 유스투 비 페이머스,6.6
2022,모럴센스,6.3
2022,야차,6.3
2022,자백,6.6
2022,러브 인 더 빌라,5.4
2022,노 리미트,5.8
2022,허니문 위드 마이 마더,5.8
2022,샤펠 사단 - 어스퀘이크: 전설의 코미디,7
2022,하시오나이스 MC스: 브라질 힙합의 전설,8.2
2022,L.O.L. Surprise! Winter Fashion Show,6.8
2022,Spilt Gravy on Rice,8
2022,리키 저베이스: 슈퍼네이처,7.8
2022,크리스마스 풀 오브 그레이스,4.4
2022,톰 파파: 기막힌 하루,7.2
2022,추즈 오어 다이,4.8
2022,또 다른 365일,2.8
2022,리턴 투 스페이스,7.3
2022,아이 빌리브 인 산타,4.4
2022,버블,6.3
2022,리딤팀: 다시 드림팀으로,7.4
2022,미 타임,5.1
2022,위크엔드 어웨이,5.7
2022,주(咒),6.2
2022,엄마,4.7
2022,아머게든 타임,6.5
2022,인 굿 핸즈,5.7
2022,로열틴,5.3
2022,기간제 교사,6.4
2022,쥬라기 월드 백악기 어드벤처: 숨겨진 모험,6.4
2022,테이크오버,5.3
2022,메탈 로드,6.7
2022,마음이 노래하는 대로,5.8
2022,"헬로, 굿바이, 그리고 그 사이의 모든 것",5.1
2022,"마지막 노예선, 그리고 후손들",7.1
2022,올드 피플,5.1
2022,여름밤을 달려 봐,6.1
2022,인 허 핸즈,6.8
2022,시니어 이어,5.5
2022,Cirkus,4.5
2022,서울대작전,5.5
2022,아이비랑 빈이 만났을 때,6
2022,자갓 아르와흐,4.9
2022,Missing Home,8
2022,미션 축구: 돌연변이를 무찔러라!,3.1
2022,고양이는 왜 고양이일까?,6.9
2022,Jeff Foxworthy: The Good Old Days,6.3
2022,카필 샤르마: 나 아직 안 끝났어,6.9
2022,더 페이션트,6.9
2022,윈드폴,5.7
2022,말하지 못한 이야기: 세기의 레이스,7.2
2022,표류단지,6.3
2022,더 프리빌리지,4.7
2022,빌 버: 레드 록스 라이브,7.6
2022,인 비트윈,5.9
2022,패스트 & 필 러브,6.8
2022,﻿닐 브레넌：블록,7.7
2022,아무도 믿지 마라: 암호화폐 제왕을 추적하다,6.3
2022,마릴린 먼로 미스터리: 비공개 테이프,6.2
2022,라바 펜던트,7.6
2022,비르 다스: 어쩌다 이방인,7.2
2022,엔드 오브 더 로드,4.8
2022,"다 비켜, 우리 화났어",3.2
2022,미켈라 지로: 진짜라니까!,5.4
2022,맨 오브 액션,6.4
2022,더 볼케이노: 화카아리 구조 작전,7.3
2022,머더빌: 누가 산타를 죽였나?,6.5
2022,분노의 탄생,5.8
2022,러빙 어덜츠,6.5
2022,Making 1899,7.6
2022,말하지 못한 이야기: AND1의 흥망성쇠,6.8
2022,마이 네임 이즈 벤데타,5.5
2022,극장판 검정고무신: 즐거운 나의 집,6.8
2022,피파,4.4
2022,불도저에 탄 소녀,6.3
2022,배틀: 프리스타일,4.6
2022,포춘 핌스터: 굿 포춘,6.7
2022,뒤틀린 집,4.7
2022,이쿠타 토마의 도전,7
2022,"Rodrigo Sant'anna: I'm Here, I'm Queer!",3.9
2022,보스 베이비: 크리스마스 보너스,5.2
2022,미혹,5.2
2022,와일드 이즈 더 윈드,5.6
2022,오르가즘 주식회사: 쾌락을 판 어느 회사의 진실,5.8
2022,Chip and Potato: Chip's Holiday,7
2022,대무가,6.8
2022,무솔리니의 보물을 털어라,5.4
2022,Kongsi Raya,7
2022,Ricardo Quevedo: Tomorrow Will Be Worse,5.8
2022,우리의 특별한 새해전야,5.4
2022,향기를 만드는 자,3.6
2022,신의 분노,5.8
2022,Pete Davidson Presents: The Best Friends,4.9
2022,비욘드 유니버스,6.6
2022,얼어버린 시간 속에서,6.5
2022,사이버 지옥: n번방을 무너뜨려라,6.5
2022,웨딩 시즌,6.3
2022,Norm Macdonald: Nothing Special,7.5
2022,위기일발 파트너,4.4
2022,굿바이 오자크,4.4
2022,살인 간호사를 잡아라,6.4
2022,노이즈,6.5
2022,데이트 앱 사기: 당신을 노린다,7.1
2022,토스카나,5.7
2022,제니퍼 로페즈: 내 인생의 하프타임,6.6
2022,톨 걸 2,4.7
2022,Jo Koy: Live from the Los Angeles Forum,7.2
2022,조엘 킴 부스터: 사이코섹슈얼,5.9
2022,Esposa de Aluguel,5.9
2022,투캅스 인 파리: 더 테이크다운,5.8
2022,내 딸의 살인자,6.8
2022,이웃을 어떻게 사랑해?,4.5
2022,우리의 아버지,4.5
2022,"모니카, 오 마이 달링",7.4
2022,리사: 어나더 그레이트 데이,7.5
2022,컬리전,4.1
2022,글라트베크 인질극,7.5
2022,히든,5.7
2022,보이지 않는 끈,6.8
2022,홈 팀,6
2022,어미,5.9
2022,레슨 플랜,5
2022,내일이 없는 것처럼: 존 맥아피의 기구한 삶,5.9
2022,샤니아 트웨인: 낫 저스트 어 걸,7.1
2022,OMG! 오 마이 걸,6.7
2022,레인보우,4.6
2022,안녕하세요,4.6
2022,테이크 유어 필스: 자낙스의 경고,6.1
2022,랄 싱 차다,5.6
2022,브로드피크,6
2022,러브 앤 젤라토,5.2
2022,아이비랑 빈이 만났을 때: 춤출 운명이야,6
2022,로열 트리트먼트,5.2
2022,하산 미나즈: 임금님의 어릿광대,7.7
2022,칼라,7.2
2022,일곱 개의 대죄: 원망의 에든버러 파트 1,5.5
2022,바보들의 기적,6.6
2022,사랑이야,5.3
2022,지지,7.1
2022,빅 4,6.1
2022,신의 기사: 가톳카차,5.3
2022,원 포 더 로드,7.2
2022,B컷,5.3
2022,구조견 루비,7.2
2022,에이미 슈머와 함께: 어른들만 보세요,4.1
2022,세기의 은행털이: 도둑들의 고백,7.1
2022,"화이트 핫: 애버크롬비 & 피치, 그 흥망의 기록",5.8
2022,재즈맨 블루스,6.7
2022,브레이즌,6.7
2022,Mencuri Raden Saleh,7.3
2022,타르에서 일어난 일,6.1
2022,사랑의 종말,4.9
2022,캥거루 밸리,7.3
2022,탈진실,6.5
2022,루프 라페타,5.2
2022,도망자 - 카를로스 곤의 이상한 이야기,6.5
2022,트레버 노아: 바라는 바야,6.6
2022,마마듀크,3.5
2022,말하지 못한 이야기: 플레그런트 파울 작전,6.8
2022,부바,5.9
2022,테일러 톰린슨: 룩 앳 유,7.4
2022,달링스,6.6
2022,민권을 변호하다: 벤 크럼프,5.9
2022,Snoop Dogg's F*cn Around Comedy Special,5.2
2022,흑인다운 게 뭔데?!?,7.3
2022,그렇게 난 갱스터와 사랑에 빠졌다,6
2022,요요를 위하여,4
2022,Cristela Alonzo: Middle Classy,6.9
2022,"아이비랑 빈이 만났을 때: 안녕, 화장실 유령",5.6
2022,Jane Fonda & Lily Tomlin: Ladies Night Live,5.6
2022,스캔들! 와이어카드를 폭로하다,7.2
2022,위험한 관계,4.1
2022,켄타우로스,5.3
2022,극장판 윌벤져스: 수상한 캠핑 대소동,5.3
2022,AI가 당신을 사랑해요,4.5
2022,루이스 피구 사건: 세기의 이적,7.1
2022,The Best of Netflix Is a Joke: The Festival,7.1
2022,핑크퐁 시네마 콘서트 2: 원더스타 콘서트 대작전,4.6
2022,인생대사,7.4
2022,Stand Out: An LGBTQ+ Celebration,6.2
2022,우박 맞은 날,5.6
2022,스트롬볼리,6
2022,Poketto monsuta-shin to yoba reshi aruseusu,6.7
2022,마디아 홈커밍,5.7
2022,닉 크롤: 리틀 빅 보이,6.7
2022,서부 전선 이상 없다: 메이킹,6.5
2022,하이앤로우 더 워스트 크로스,6.5
2022,Yuri Marçal: Honest Mistake,6.9
2022,조니,7
2022,데이비드 A. 아널드: 쉬우면 재미없지,6.5
2022,Bill Burr Presents: Friends Who Kill,4.6
2022,러브 골,6.9
2022,낙원에서 살아남기: 가족의 이야기,7.5
2022,기예르모 델토로의 피노키오: 손끝으로 빚어낸 시네마,7.5
2022,프라이빗 레슨,7.5
2022,가브리엘 이글레시아스：스타디움 플러피,7.1
2022,바비: 모험을 떠나요,7.2
2022,실버턴 포위 작전,6.3
2022,앨리 웡: 돈 웡,6.6
2022,길레인 맥스웰: 괴물이 된 사교계 명사,6
2022,모성,6.2
2022,벤전스,4.4
2022,카르마를 탓하지 마!,4.7
2022,낫 소 메리 크리스마스,4.7
2022,별에서 점프,5.8
2022,Thomas & Friends: The Mystery of Lookout Mountain,5.8
2022,서배스천 매니스캘코: 나만 그래 ?,6.4
2022,Sheng Wang: Sweet and Juicy,7.7
2022,네 명의 저녁 식사,6.3
2022,13: 더 뮤지컬,5.3
2022,위험한 초대,5.8
2022,"돈, 돈, 돈을 아십니까?",5.8
2022,레스틀리스,5.8
2022,데이비드 스페이드: 개인적인 감정은 없어,5.8
2022,성적표의 김민영,6.8
2022,Rodrigo Marques: King of Uncouth,6.7
2022,아빠의 바이올린,6.4
2022,맛 킬라우,5.5
2022,파워 오브 도그: 제인 캠피온이 말하다,6.7
2022,더 트랩트 13: 태국 동굴 조난 사건,7.4
2022,그렇게 바버라는 앨런을 만났다,6.7
2022,스케이트보드 위의 삶: 리오 베이커 스토리,6.7
2022,우리 죄를 사하여 주옵소서,6.5
2022,가면 사기: 세기의 보이스피싱,6.2
2022,하트 퍼레이드,5
2022,앨라배마주 vs 브리트니 스미스,5
2022,로니 쳉: 스피크이지,6.3
2022,왕의 기사,4.5
2022,굿 보이,4.8
2022,My Little Pony: A New Generation: Sing-Along,4.8
2022,디아오 13 태국 스탠드업 코미디,6.5
2022,데이브 샤펠: 이름이 뭐라고,4.8
2022,내가 바네사 기옌이다,6.3
2022,조기,7.1
2022,오프라 + 바이올라: 넷플릭스 스페셜 이벤트,7.6
2022,Barbie: Mermaid Power,5.4
2022,사랑의 전술,5.3
2022,하숙집 오!번지,5.3
2022,딜리버리 바이 크리스마스,5.5
2022,안 편한 사랑,5.5
2022,또다시 망할 놈의 사랑,3.8
2022,디오라마,5.4
2022,Mo Gilligan: There's Mo to Life,6.1
2022,동화 보기엔 너무 커버린,6.2
2022,그날 밤 유치원에서 생긴 일,5.7
2022,Showtime 1958,6.6
2022,나의 흑역사 로맨티카 3,5.4
2022,내 사랑 싸가지 2: 태국판,6.5
2022,아만들라,5.6
2022,너는 나의 UFO,4.8
2022,시몬 페레스의 위대한 꿈,6.9
2022,아지즈 안사리: 나이트클럽 코미디언,7
2022,Blippi The Musical,3.5
2022,케브 아담스: 진짜 나,5.3
2022,트리비아버스,5.5
2022,더티 대디: 밥 사겟 추모 스페셜,6.6
2022,홀드 유어 브레스: 아이스 다이빙,6.6
2022,돌 하우스,6.3
2022,금수저가 내게로 올까요?,4.6
2022,캣 윌리엄스 :  3차 세계대전,4.8
2022,이브가 노래하는 아담: 라이브 인 애니메이션,6.1
2022,The Hall: Honoring the Greats of Stand-Up,6.4
2022,Three Widows Against The World,6.5
2022,Liss Pereira: Adulting,6.6
2022,Whindersson Nunes: My Own Show!,7
2022,Christina P: Mom Genes,6.1
2022,Biko,5.8
2022,1등 복권 구출 작전,5.5
2022,인투 더 윈드,5.3
2022,글램 걸스,3.7
2022,셀럽은 회의 중,4.9
2022,조력자,5.4
2022,젊은 위궈의 기쁨과 슬픔,5.4
2022,포티 이어스 영,4.4
2022,돌핀 킹에게 무슨 일이 일어났나?,5.6
2022,디온 콜:샬린의 아들답게,6.7
2022,Maybe Today,6
2022,벚꽃 같은 나의 연인,6.5
2022,빌킨 첫 팬미팅: 골든 아워,6.8
2023,스파이더맨: 어크로스 더 유니버스,8.7
2023,언노운: 뼈 동굴,6.7
2023,빌리지,5.5
2023,정이,5.5
2023,만약 우리가,7.1
2023,Leanne Morgan: I'm Every Woman,7.1
2023,Maamannan,6.7
2023,అశ్విన్స్,4.8
2023,하루 반의 시간,5.8
2023,언노운: 킬러 로봇,6.4
2023,존 멀레이니: 베이비 J,7.5
2023,러스트 스토리 2,6.5
2023,카운트,5.9
2023,에이미 슈머: 나의 비상 연락처,5.6
2023,미스터 카 & 템플기사단,4.3
2023,폭죽,7
2023,Next Door,5.7
2023,메이크 미 빌리브,5.7
2023,언노운: 사라진 피라미드,6.7
2023,스트레이,4.8
2023,투니부,6.1
2023,유어 플레이스 오어 마인,5.7
2023,말하지 못한 이야기: 조니 풋볼,6.9
2023,애흔미미,6.2
2023,Sommore: Queen Chandelier,6
2023,교섭,6
2023,베스 스텔링: 그땐 관심도 없더니,6.3
2023,소울캐처,3.7
2023,완다 사이크스: 나는 엔터테이너다,7.1
2023,옥수역귀신,4.4
2023,왈테르 위라야,6.2
2023,유 피플,5.5
2023,칸다사미 따라잡기: 아기의 탄생,4.7
2023,내 이름은 모니크,5.3
2023,메리 마이 데드 바디,7.1
2023,피해자/용의자,6.9
2023,더 (올모스트) 레전즈,6.3
2023,휴먼이 사라졌다!,6.5
2023,헝거,6.6
2023,볼라 샨카르,3.2
2023,퍼펙트 파인드,5.2
2023,반짝이는 재앙,5.5
2023,내 친구 추파카브라,5.5
2023,원 모어 타임,5.7
2023,Mark Normand: Soup to Nuts,7.8
2023,가이드 투 러브,5.7
2023,인연이 될 수 있을까,4.2
2023,블랙 클로버: 마법제의 검,7.4
2023,잉크시랜드 콘서트,4.8
2023,Rich in Love 2,4.8
2023,사랑의 전술 2,4.9
2023,에이전트 A.K.A.,6.6
2023,리바운드,6.8
2023,"엄마, 나는 자라고 있어요",4.7
2023,변방의 형제들 2,4.9
2023,스트로베리 쇼트케이크와 베리 늪의 괴물,6.6
2023,미싱: 루시 블랙맨 실종 사건,6.4
2023,웅남이,5.2
2023,내 방식대로 할게요,4.9
2023,골드 브릭,6.1
2023,인도 스포츠 스캔들 - 범죄. 비리. 크리켓.,5.9
2023,Blippi's Big Dino Adventure,3.8
2023,Andrew Santino: Cheeseburger,6.5
2023,치히로 상,6.9
2023,스마트폰을 떨어뜨렸을 뿐인데,6.4
2023,톰 세구라: 슬레지해머,7.1
2023,뚜 쥬띠 메인 마카르,6
2023,스카우트의 명예: 미국 보이 스카우트의 은폐된 기록,7
2023,팬픽,5.7
2023,미션 마지누,7.1
2023,언노운: 우주를 보는 타임머신,7.2
2023,Moo 2,6.5
2023,빅맥: 갱스터스 앤 골드,6.1
2023,일곱 개의 대죄: 원망의 에든버러 파트 2,6.2
2023,웨더링,4.1
2023,오! 나의 어시님,5.3
2023,"아, 벨린다",5.3
2023,킹 오브 섀도,4.8
2023,버트 크라이셔 : 난리블루스,7
2023,Mi Hok,5.1
2023,오늘은 그날에 대해 이야기할 거야,5.4
2023,짐 제프리스: 안 취해도 좋아,7.1
2023,해나 개즈비: 섬씽 스페셜,6.4
2023,코펜하겐 카우보이: 니콜라스 빈딩 레픈이 말하다,4.6
2023,로열틴: 마르그레테 공주,4.6
2023,텐 데이즈 오브 굿 맨,6.5
2023,멀리 왔지만 집은 가까이에 있어,6.7
2023,악마를 따르는 여자들,4.2
2023,악령의 얼굴을 한 아이,5.1
2023,투나잇 위드 미,3.8
2023,이넘버 넘버: 요하네스버그의 황금,4.4
2023,어쩌면 우린 헤어졌는지 모른다,6.4
2023,후지이 카제: 러브 올 서브 올 스타디움 라이브,6.4
2023,바비와 스키퍼의 베이비시팅 대모험,6.1
2023,4EVE The 1st Concert Friends & Family,3.9
2023,85 사우스: 게토 레전즈,3.9
2023,디스커넥트: 더 웨딩 플래너,4.1
2023,스트리머,4.5
2023,Do Your Worst,5.5
2023,올 더 플레이스,5.5
2023,메이 마틴: 행복을 찾아서,6.2
2023,디어 데이비드,5.8
2023,뭄바이 마피아: 경찰 vs 암흑가,6.4
2023,스퀘어드 러브: 처음부터 다시,4.6
2023,제이미 디미트리우: 홀 라이프타임,6.8
2023,알카티브,6.8
2023,Making Transatlantic,6.8
2023,알칼라트+,6.8
2023,끝나지 않는 세 번째 데이트,6.4
2023,파어웨이,6.7
2023,Nanpakal Nerathu Mayakkam,7.5
2023,노이즈,3.5
2023,완벽한 작전,7.5
2023,셰인 길리스: 아름다운 개들,7.9
2023,드림,6.5
2023,"러브, 섹스 앤 30 캔들스",4.2
2023,선데이 어페어,4.6
2023,말하지 못한 이야기: 불명예의 전당,6.5
2023,말하지 못한 이야기: 문제아 제이크 폴,6
2023,잭프루트 실종 사건,6.7
2023,첫 키스에 반하다,5.7
2023,트루 스피릿,6.8
2023,시간은 충분해,6.6
2023,머니 샷: 폰허브를 말하다,5.4
2023,마술사의 코끼리,6.5
2023,어머니 니나,5.3
2023,Tri Am the Movie,8.7
2023,눈의 여왕5: 스노우 프린세스와 미러랜드의 비밀,5.2
2023,페노메나스,5.4
2023,"파멜라, 러브 스토리",7.2
2023,역병,6.3
2023,우리가 나누는 빛: 미셸 오바마와 오프라 윈프리,6
2023,손도끼를 휘두른 히치하이커,6.2
2023,애나 니콜 스미스: 유 돈 노 미,6.4
2023,멀버리 거리의 소년 영웅들: 사랑은 위대해,4.7
2023,마루이 비디오,5
2023,크리스 록: 선택적 분노,6.8
2023,윈데르송 누니스: 내 설교를 들어주소서,6.4
2023,멕시코 만세?,5.5
2023,인피에스토,5.6
2023,설레스트 바버: 전혀 괜찮습니다,5.5
2023,우리집 개를 찾습니다,6
2023,루이스 카팔디: 하우 아임 필링 나우,7.4
2023,팬티 속의 수다,4.8
2023,엘도라도: 나치가 혐오한 모든 것,7.5
2023,질식,5.7
2023,세인트 오브 세컨드 찬스,7.5
2023,뷰티풀 라이프,6.4
2023,행복한 결말,5.4
2023,그것만이 내 세상,6.1
2023,원스 어폰 어 스타,7
2023,우리의 용기를 위한 캠프,5.7
2023,간데바다리 아르주나,5.7
2023,영화의 성지: 이집션 시어터의 100년,6.8
2023,첫눈에 반할 통계적 확률,6.8
2023,쥐잡이 사내,6.1
2023,하트 오브 스톤,5.7
2023,코카인 베어,5.9
2023,어디로 가고 싶으신가요,5.4
2023,탈피,6.8
2023,디스코 인페르노,5
2023,원포: 음악이 이긴다,6.6
2023,바람둥이 걸러내기,5.8
2023,페어플레이,6.4
2023,"누오보 올림포, 기다리다",7.2
2023,늙은 아빠들,6.2
2023,백조,6.2
2023,퀴어 마이 프렌즈,6.2
2023,"영원하라, 사랑이여",6.2
2023,The Oskars Fantasy,4.1
2023,사라진 그녀,6.4
2023,서치 2,7.1
2023,Summer Vacation,5.1
2023,헬로우 고스트,6.3
2023,킬러 북클럽,4.6
2023,Ramabanam,4.3
2023,익스트랙션 2,7
2023,독,6.3
2023,빈틈없는 사이,6.3
2023,라방,7.5
2023,MAD,7.5
2023,신경 끄기의 기술,5.9
2023,சந்திரமுகி 2,2.6
2023,바람개비,6.2
2023,비닐하우스,5.4
2023,OMG 2,7.7
2023,여도둑들,5.7
2023,와이 두 유 러브 미,6
2023,슬라이,7.1
2023,인시디어스: 빨간 문,5.5
2023,페인 허슬러,6.5
2023,렌필드,6.4
2023,록트 인,5.1
2023,디 애프터,5.7
2023,악마 재판,5.6
2023,더 컨퍼런스,5.8
2023,인피니티 풀,6
2023,비공식작전,6.5
2023,더 킬러,7.1
2023,슈퍼 마리오 브라더스,7.1
2023,죽음의 수녀,5.7
2023,악마들,6.5
2023,발레리나,6.2
2023,뜨거운 배신,6.2
2023,크립토 보이,5.7
2023,사이버벙커: 크리미널 언더월드,6.6
2023,노란문: 세기말 시네필 다이어리,6.7
2023,사랑의 고고학,7.1
2023,똑똑똑,6.1
2023,히귀타: 전갈의 길,6.7
2023,포가튼 러브,7.5
2023,엑소시스트: 더 바티칸,6.1
2023,기상천외한 헨리 슈거 이야기,5.7
2023,Kasargold,5.7
2023,나이애드의 다섯 번째 파도,7.1
2023,허리케인 시즌,5.5
2023,흑교육,6.4
2023,베란 토미치: 파리의 스파이더맨,6.7
2023,노웨어,6.3
2023,65,5.4
2023,"아이스 콜드: 살인, 커피 그리고 제시카",6
2023,포에버,6.5
2023,스파이 키드: 아마겟돈,4.3
2023,오버홀,4.8
2023,프라이데이 나이트 플랜,6.1
2023,헤드 투 헤드,6.1
2023,RDX: Robert Dony Xavier,7.2
2023,필립,7
2023,프레이즈 디스,5.9
2023,사랑은 사계절,5.1
2023,해피니스 포 비기너스,6
2023,"호시노 겐 콘서트, 리컬렉션 2015-2023",6.5
2023,Padmini,6.5
2023,러브 유 롱 타임,6.4
2023,블러드 앤 골드,6.5
2023,좀100: 좀비가 되기 전에 하고 싶은 100가지,5.5
2023,"빨간 모자, 여행을 떠나 시체를 만났습니다",5.2
2023,아디푸루시,3.4
2023,머더 미스터리 2,5.7
2023,길복순,6.6
2023,프리스타일,6.6
2023,왬!,7.5
2023,믹스드 바이 에리,7.1
2023,스루 마이 윈도: 우리 사이의 바다,5
2023,몽키 킹,5.7
2023,세븐 킹스 머스트 다이,6.9
2023,부야 함카 1부,6.7
2023,틴과 티나,4.7
2023,루터: 태양의 몰락,6.4
2023,더 그레이트 시덕션,4.1
2023,빅 누누 리틀 하이스트,4.1
2023,에렌가르드: 유혹의 기술,5.8
2023,Kushi,5.4
2023,더 블랙 북,5.1
2023,마크 캐번디시: 나는 멈추지 않는다,6.1
2023,텐 데이즈 오브 배드 맨,6.1
2023,레이스 투 서밋,6.7
2023,더 레이디 오브 사일런스: 더 마타비에지타스 머더스,6.5
2023,자네 잔: 용의자 X,6.5
2023,Face Off 6: The Ticket Of Destiny,6.5
2023,공작,6.5
2023,스위치,6.7
2023,로사의 테이프,5.4
2023,Soltera codiciada 2,4.3
2023,패러다이스,6.3
2023,라 루즈 델 문도의 어둠,6.9
2023,스퀘어드 러브: 영원한 사랑,7.6
2023,니모나,7.6
2023,드림걸 2,5.3
2023,"이 사랑, 최선일까?",5
2023,내 성인식에 절대 오지 마!,6
2023,플래시백,5.1
2023,Jagun Jagun,3.8
2023,하늘 위에 사랑이,5.6
2023,치명적인 초대장,5.1
2023,그들이 타이론을 복제했다,6.6
2023,핑크퐁 시네마 콘서트 3: 진저브레드맨을 잡아라,6.1
2023,Miss. Shetty Mr. Polishetty,7.1
2023,범죄의 장인,5.4
2023,Rangabali,4.9
2023,방해하지 마세요,6.3
2023,메이비 베이비,5.7
2023,BRO,6.8
2023,런 래빗 런,5
2023,하우스 오브 스파이,6.8
2023,킹 오브 클론: 황우석 박사의 몰락,6.8
2023,포이즌: 음식에 감춰진 더러운 진실,6.8
2023,스내푸,5.3
2023,살인자는 누구인가,6.1
2023,가장 깊은 호흡,7.7
2023,다섯 살 소녀의 죽음: 이자벨라 나르도니 사건,6
2023,마야를 부탁합니다,7.8
2023,버드 박스: 바르셀로나,5.3
2023,내 이름은 마더,5.6
2023,"미라큘러스: 레이디버그와 블랙캣, 더 무비",6.1
2023,닥터 제이슨 룡: 라이드 위드 코션,5.8
